id,cancelledOrderId,productId,productName,quantity,pricePerUnit,totalPrice,taxAmount,netAmount,createdAt,updatedAt
1,1,30.0,1L a Sure water CASE,30,90.48,2714.4,604.87,3319.27,2025-12-15 18:05:00+00,2025-12-15 18:05:00+00
2,1,1.0,200ML ORANGE CASE,5,137.14,685.7,152.8,838.5,2025-12-15 18:05:00+00,2025-12-15 18:05:00+00
3,1,27.0,CHOCO MILKSHAKE(30PCS) SINGLE,150,22.86,3429.0,764.1,4193.1,2025-12-15 18:05:00+00,2025-12-15 18:05:00+00
4,1,13.0,COKE 200ML(30PCS) CASE,6,137.14,822.84,183.36,1006.2,2025-12-15 18:05:00+00,2025-12-15 18:05:00+00
5,1,14.0,COKE 500ML(24PCS) CASE,1,244.29,244.29,54.44,298.73,2025-12-15 18:05:00+00,2025-12-15 18:05:00+00
6,1,12.0,COKE TIN(24PCS) SINGLE,240,12.86,3086.4,687.76,3774.16,2025-12-15 18:05:00+00,2025-12-15 18:05:00+00
7,1,10.0,LEMON TIN(24PCS) SINGLE,240,12.86,3086.4,687.76,3774.16,2025-12-15 18:05:00+00,2025-12-15 18:05:00+00
8,1,11.0,ORANGE TIN (24PCS) SINGLE,240,12.86,3086.4,687.76,3774.16,2025-12-15 18:05:00+00,2025-12-15 18:05:00+00
9,1,25.0,SUNCRUSH MANGO(24PCS) SINGLE,120,14.29,1714.8,382.12,2096.92,2025-12-15 18:05:00+00,2025-12-15 18:05:00+00
10,1,26.0,SUNCRUSH MIXED FRUIT (24PCS) SINGLE,120,14.29,1714.8,382.12,2096.92,2025-12-15 18:05:00+00,2025-12-15 18:05:00+00
11,1,24.0,SUNCRUSH ORANGE 200ML(24PCS) SINGLE,120,14.29,1714.8,382.12,2096.92,2025-12-15 18:05:00+00,2025-12-15 18:05:00+00
12,2,29.0,1.5l INDEPENDENCE CASE,5,102.86,514.3,141.79,656.09,2025-12-17 10:20:00+00,2025-12-17 10:20:00+00
13,2,19.0,150 ML MIUXED FRUIT(30PCS) CASE,5,200.0,1000.0,275.69,1275.69,2025-12-17 10:20:00+00,2025-12-17 10:20:00+00
14,2,22.0,150ML STRAWBERRY KICK(30PCS) CASE,5,150.0,750.0,206.77,956.77,2025-12-17 10:20:00+00,2025-12-17 10:20:00+00
15,2,3.0,1L ORANGE CASE,1,282.86,282.86,77.98,360.84,2025-12-17 10:20:00+00,2025-12-17 10:20:00+00
16,2,3.0,1L ORANGE SINGLE,7,23.57,164.99,45.49,210.48,2025-12-17 10:20:00+00,2025-12-17 10:20:00+00
17,2,30.0,1L a Sure water CASE,15,114.29,1714.35,472.62,2186.97,2025-12-17 10:20:00+00,2025-12-17 10:20:00+00
18,2,6.0,200 ML LEMON CASH 30PCS,10,150.0,1500.0,413.53,1913.53,2025-12-17 10:20:00+00,2025-12-17 10:20:00+00
19,2,17.0,200ML MANGO (30PCS) CASE,10,200.0,2000.0,551.37,2551.37,2025-12-17 10:20:00+00,2025-12-17 10:20:00+00
20,2,1.0,200ML ORANGE CASE,10,150.0,1500.0,413.53,1913.53,2025-12-17 10:20:00+00,2025-12-17 10:20:00+00
21,2,31.0,200ML PANNER SODA(30PCS) CASE,10,150.0,1500.0,413.53,1913.53,2025-12-17 10:20:00+00,2025-12-17 10:20:00+00
22,2,23.0,250ML ENERGY BERRY KICK(30PCS) CASE,3,342.86,1028.58,283.57,1312.15,2025-12-17 10:20:00+00,2025-12-17 10:20:00+00
23,2,4.0,2L ORANGE SINGLE,8,44.29,354.32,97.68,452.0,2025-12-17 10:20:00+00,2025-12-17 10:20:00+00
24,2,7.0,500ML LEMON (24PCS) CASE,4,257.14,1028.56,283.56,1312.12,2025-12-17 10:20:00+00,2025-12-17 10:20:00+00
25,2,35.0,500ML MANGO CASE,2,342.86,685.72,189.04,874.76,2025-12-17 10:20:00+00,2025-12-17 10:20:00+00
26,2,2.0,500ML ORANGE CASE,4,257.14,1028.56,283.56,1312.12,2025-12-17 10:20:00+00,2025-12-17 10:20:00+00
27,2,28.0,750ml INDEPENDENCE WATER (15PCS) SINGLE,13,5.71,74.23,20.46,94.69,2025-12-17 10:20:00+00,2025-12-17 10:20:00+00
28,2,15.0,COKE 1L(12PCS) CASE,1,282.86,282.86,77.98,360.84,2025-12-17 10:20:00+00,2025-12-17 10:20:00+00
29,2,15.0,COKE 1L(12PCS) SINGLE,10,23.57,235.7,64.98,300.68,2025-12-17 10:20:00+00,2025-12-17 10:20:00+00
30,2,16.0,COKE 2L(9PCS) SINGLE,8,44.29,354.32,97.68,452.0,2025-12-17 10:20:00+00,2025-12-17 10:20:00+00
31,2,14.0,COKE 500ML(24PCS) CASE,4,257.14,1028.56,283.56,1312.12,2025-12-17 10:20:00+00,2025-12-17 10:20:00+00
32,2,12.0,COKE TIN(24PCS) CASE,4,342.86,1371.44,378.09,1749.53,2025-12-17 10:20:00+00,2025-12-17 10:20:00+00
33,2,12.0,COKE TIN(24PCS) SINGLE,10,14.29,142.9,39.4,182.3,2025-12-17 10:20:00+00,2025-12-17 10:20:00+00
34,2,34.0,ENERGY GOLD TIN CASE,4,428.57,1714.28,472.61,2186.89,2025-12-17 10:20:00+00,2025-12-17 10:20:00+00
35,2,34.0,ENERGY GOLD TIN SINGLE,15,17.86,267.9,73.86,341.76,2025-12-17 10:20:00+00,2025-12-17 10:20:00+00
36,2,8.0,LEMON 1L (12 PCS) CASE,1,282.86,282.86,77.98,360.84,2025-12-17 10:20:00+00,2025-12-17 10:20:00+00
37,2,8.0,LEMON 1L (12 PCS) SINGLE,5,23.57,117.85,32.49,150.34,2025-12-17 10:20:00+00,2025-12-17 10:20:00+00
38,2,9.0,LEMON 2L (9PCS) SINGLE,8,44.29,354.32,97.68,452.0,2025-12-17 10:20:00+00,2025-12-17 10:20:00+00
39,2,10.0,LEMON TIN(24PCS) CASE,4,342.86,1371.44,378.09,1749.53,2025-12-17 10:20:00+00,2025-12-17 10:20:00+00
40,2,10.0,LEMON TIN(24PCS) SINGLE,18,14.29,257.22,70.91,328.13,2025-12-17 10:20:00+00,2025-12-17 10:20:00+00
41,2,11.0,ORANGE TIN (24PCS) CASE,4,342.86,1371.44,378.09,1749.53,2025-12-17 10:20:00+00,2025-12-17 10:20:00+00
42,2,11.0,ORANGE TIN (24PCS) SINGLE,21,14.29,300.09,82.73,382.82,2025-12-17 10:20:00+00,2025-12-17 10:20:00+00
43,2,21.0,POWER UP 1L(12PCS) CASE,1,282.86,282.86,77.98,360.84,2025-12-17 10:20:00+00,2025-12-17 10:20:00+00
44,2,20.0,POWER UP 200ML (30PCS) CASE,10,150.0,1500.0,413.53,1913.53,2025-12-17 10:20:00+00,2025-12-17 10:20:00+00
45,2,25.0,SUNCRUSH MANGO(24PCS) CASE,4,365.71,1462.84,403.29,1866.13,2025-12-17 10:20:00+00,2025-12-17 10:20:00+00
46,2,26.0,SUNCRUSH MIXED FRUIT (24PCS) CASE,4,365.71,1462.84,403.29,1866.13,2025-12-17 10:20:00+00,2025-12-17 10:20:00+00
47,2,24.0,SUNCRUSH ORANGE 200ML(24PCS) CASE,4,365.71,1462.84,403.29,1866.13,2025-12-17 10:20:00+00,2025-12-17 10:20:00+00
48,2,32.0,gluco energy cup CASE,3,142.86,428.58,118.15,546.73,2025-12-17 10:20:00+00,2025-12-17 10:20:00+00
49,2,33.0,gluco nimbu paani CASE,2,142.86,285.72,78.77,364.49,2025-12-17 10:20:00+00,2025-12-17 10:20:00+00
50,2,33.0,gluco nimbu paani SINGLE,22,5.95,130.9,36.09,166.99,2025-12-17 10:20:00+00,2025-12-17 10:20:00+00
51,3,29.0,1.5l INDEPENDENCE CASE,5,102.86,514.3,133.21,647.51,2025-12-18 10:43:00+00,2025-12-18 10:43:00+00
52,3,22.0,150ML STRAWBERRY KICK(30PCS) CASE,5,150.0,750.0,194.25,944.25,2025-12-18 10:43:00+00,2025-12-18 10:43:00+00
53,3,3.0,1L ORANGE CASE,1,282.86,282.86,73.26,356.12,2025-12-18 10:43:00+00,2025-12-18 10:43:00+00
54,3,30.0,1L a Sure water CASE,12,114.29,1371.48,355.22,1726.7,2025-12-18 10:43:00+00,2025-12-18 10:43:00+00
55,3,6.0,200 ML LEMON CASH 30PCS,10,150.0,1500.0,388.51,1888.51,2025-12-18 10:43:00+00,2025-12-18 10:43:00+00
56,3,17.0,200ML MANGO (30PCS) CASE,10,200.0,2000.0,518.01,2518.01,2025-12-18 10:43:00+00,2025-12-18 10:43:00+00
57,3,1.0,200ML ORANGE CASE,10,150.0,1500.0,388.51,1888.51,2025-12-18 10:43:00+00,2025-12-18 10:43:00+00
58,3,31.0,200ML PANNER SODA(30PCS) CASE,10,150.0,1500.0,388.51,1888.51,2025-12-18 10:43:00+00,2025-12-18 10:43:00+00
59,3,23.0,250ML ENERGY BERRY KICK(30PCS) CASE,2,342.86,685.72,177.6,863.32,2025-12-18 10:43:00+00,2025-12-18 10:43:00+00
60,3,4.0,2L ORANGE SINGLE,7,44.29,310.03,80.3,390.33,2025-12-18 10:43:00+00,2025-12-18 10:43:00+00
61,3,7.0,500ML LEMON (24PCS) CASE,2,257.14,514.28,133.2,647.48,2025-12-18 10:43:00+00,2025-12-18 10:43:00+00
62,3,35.0,500ML MANGO CASE,2,342.86,685.72,177.6,863.32,2025-12-18 10:43:00+00,2025-12-18 10:43:00+00
63,3,2.0,500ML ORANGE CASE,2,257.14,514.28,133.2,647.48,2025-12-18 10:43:00+00,2025-12-18 10:43:00+00
64,3,28.0,750ml INDEPENDENCE WATER (15PCS) SINGLE,13,5.71,74.23,19.23,93.46,2025-12-18 10:43:00+00,2025-12-18 10:43:00+00
65,3,27.0,CHOCO MILKSHAKE(30PCS) CASE,2,714.29,1428.58,370.01,1798.59,2025-12-18 10:43:00+00,2025-12-18 10:43:00+00
66,3,15.0,COKE 1L(12PCS) CASE,1,282.86,282.86,73.26,356.12,2025-12-18 10:43:00+00,2025-12-18 10:43:00+00
67,3,13.0,COKE 200ML(30PCS) CASE,10,150.0,1500.0,388.51,1888.51,2025-12-18 10:43:00+00,2025-12-18 10:43:00+00
68,3,16.0,COKE 2L(9PCS) SINGLE,6,44.29,265.74,68.83,334.57,2025-12-18 10:43:00+00,2025-12-18 10:43:00+00
69,3,14.0,COKE 500ML(24PCS) CASE,2,257.14,514.28,133.2,647.48,2025-12-18 10:43:00+00,2025-12-18 10:43:00+00
70,3,12.0,COKE TIN(24PCS) CASE,4,342.86,1371.44,355.21,1726.65,2025-12-18 10:43:00+00,2025-12-18 10:43:00+00
71,3,34.0,ENERGY GOLD TIN CASE,4,428.57,1714.28,444.01,2158.29,2025-12-18 10:43:00+00,2025-12-18 10:43:00+00
72,3,8.0,LEMON 1L (12 PCS) CASE,1,282.86,282.86,73.26,356.12,2025-12-18 10:43:00+00,2025-12-18 10:43:00+00
73,3,9.0,LEMON 2L (9PCS) SINGLE,6,44.29,265.74,68.83,334.57,2025-12-18 10:43:00+00,2025-12-18 10:43:00+00
74,3,10.0,LEMON TIN(24PCS) CASE,4,342.86,1371.44,355.21,1726.65,2025-12-18 10:43:00+00,2025-12-18 10:43:00+00
75,3,11.0,ORANGE TIN (24PCS) CASE,4,342.86,1371.44,355.21,1726.65,2025-12-18 10:43:00+00,2025-12-18 10:43:00+00
76,3,21.0,POWER UP 1L(12PCS) CASE,1,282.86,282.86,73.26,356.12,2025-12-18 10:43:00+00,2025-12-18 10:43:00+00
77,3,25.0,SUNCRUSH MANGO(24PCS) CASE,4,365.71,1462.84,378.88,1841.72,2025-12-18 10:43:00+00,2025-12-18 10:43:00+00
78,3,26.0,SUNCRUSH MIXED FRUIT (24PCS) CASE,4,365.71,1462.84,378.88,1841.72,2025-12-18 10:43:00+00,2025-12-18 10:43:00+00
79,3,24.0,SUNCRUSH ORANGE 200ML(24PCS) CASE,4,365.71,1462.84,378.88,1841.72,2025-12-18 10:43:00+00,2025-12-18 10:43:00+00
80,3,32.0,gluco energy cup CASE,3,142.86,428.58,111.0,539.58,2025-12-18 10:43:00+00,2025-12-18 10:43:00+00
81,3,33.0,gluco nimbu paani CASE,3,142.86,428.58,111.0,539.58,2025-12-18 10:43:00+00,2025-12-18 10:43:00+00
82,4,30.0,1L a Sure water CASE,20,90.48,1809.6,464.64,2274.24,2025-12-18 12:19:00+00,2025-12-18 12:19:00+00
83,4,6.0,200 ML LEMON CASH 30PCS,5,137.86,689.3,176.99,866.29,2025-12-18 12:19:00+00,2025-12-18 12:19:00+00
84,4,1.0,200ML ORANGE CASE,5,137.86,689.3,176.99,866.29,2025-12-18 12:19:00+00,2025-12-18 12:19:00+00
85,4,31.0,200ML PANNER SODA(30PCS) CASE,3,137.14,411.42,105.64,517.06,2025-12-18 12:19:00+00,2025-12-18 12:19:00+00
86,4,13.0,COKE 200ML(30PCS) CASE,3,137.14,411.42,105.64,517.06,2025-12-18 12:19:00+00,2025-12-18 12:19:00+00
87,4,34.0,ENERGY GOLD TIN CASE,1,410.71,410.71,105.45,516.16,2025-12-18 12:19:00+00,2025-12-18 12:19:00+00
88,5,29.0,1.5l INDEPENDENCE CASE,5,102.86,514.3,137.22,651.52,2025-12-19 10:45:00+00,2025-12-19 10:45:00+00
89,5,22.0,150ML STRAWBERRY KICK(30PCS) CASE,5,150.0,750.0,200.1,950.1,2025-12-19 10:45:00+00,2025-12-19 10:45:00+00
90,5,3.0,1L ORANGE CASE,1,282.86,282.86,75.47,358.33,2025-12-19 10:45:00+00,2025-12-19 10:45:00+00
91,5,30.0,1L a Sure water CASE,10,114.29,1142.9,304.93,1447.83,2025-12-19 10:45:00+00,2025-12-19 10:45:00+00
92,5,6.0,200 ML LEMON CASH 30PCS,7,150.0,1050.0,280.14,1330.14,2025-12-19 10:45:00+00,2025-12-19 10:45:00+00
93,5,17.0,200ML MANGO (30PCS) CASE,10,200.0,2000.0,533.6,2533.6,2025-12-19 10:45:00+00,2025-12-19 10:45:00+00
94,5,1.0,200ML ORANGE CASE,7,150.0,1050.0,280.14,1330.14,2025-12-19 10:45:00+00,2025-12-19 10:45:00+00
95,5,31.0,200ML PANNER SODA(30PCS) CASE,7,150.0,1050.0,280.14,1330.14,2025-12-19 10:45:00+00,2025-12-19 10:45:00+00
96,5,23.0,250ML ENERGY BERRY KICK(30PCS) CASE,5,342.86,1714.3,457.38,2171.68,2025-12-19 10:45:00+00,2025-12-19 10:45:00+00
97,5,4.0,2L ORANGE SINGLE,6,44.29,265.74,70.9,336.64,2025-12-19 10:45:00+00,2025-12-19 10:45:00+00
98,5,7.0,500ML LEMON (24PCS) CASE,2,257.14,514.28,137.21,651.49,2025-12-19 10:45:00+00,2025-12-19 10:45:00+00
99,5,7.0,500ML LEMON (24PCS) SINGLE,12,10.71,128.52,34.29,162.81,2025-12-19 10:45:00+00,2025-12-19 10:45:00+00
100,5,35.0,500ML MANGO CASE,2,342.86,685.72,182.95,868.67,2025-12-19 10:45:00+00,2025-12-19 10:45:00+00
101,5,2.0,500ML ORANGE CASE,2,257.14,514.28,137.21,651.49,2025-12-19 10:45:00+00,2025-12-19 10:45:00+00
102,5,2.0,500ML ORANGE SINGLE,6,10.71,64.26,17.14,81.4,2025-12-19 10:45:00+00,2025-12-19 10:45:00+00
103,5,28.0,750ml INDEPENDENCE WATER (15PCS) CASE,20,85.71,1714.2,457.35,2171.55,2025-12-19 10:45:00+00,2025-12-19 10:45:00+00
104,5,27.0,CHOCO MILKSHAKE(30PCS) CASE,1,714.29,714.29,190.57,904.86,2025-12-19 10:45:00+00,2025-12-19 10:45:00+00
105,5,15.0,COKE 1L(12PCS) CASE,1,282.86,282.86,75.47,358.33,2025-12-19 10:45:00+00,2025-12-19 10:45:00+00
106,5,13.0,COKE 200ML(30PCS) CASE,7,150.0,1050.0,280.14,1330.14,2025-12-19 10:45:00+00,2025-12-19 10:45:00+00
107,5,16.0,COKE 2L(9PCS) SINGLE,6,44.29,265.74,70.9,336.64,2025-12-19 10:45:00+00,2025-12-19 10:45:00+00
108,5,14.0,COKE 500ML(24PCS) CASE,2,257.14,514.28,137.21,651.49,2025-12-19 10:45:00+00,2025-12-19 10:45:00+00
109,5,12.0,COKE TIN(24PCS) CASE,4,342.86,1371.44,365.9,1737.34,2025-12-19 10:45:00+00,2025-12-19 10:45:00+00
110,5,34.0,ENERGY GOLD TIN CASE,4,428.57,1714.28,457.37,2171.65,2025-12-19 10:45:00+00,2025-12-19 10:45:00+00
111,5,8.0,LEMON 1L (12 PCS) CASE,1,282.86,282.86,75.47,358.33,2025-12-19 10:45:00+00,2025-12-19 10:45:00+00
112,5,9.0,LEMON 2L (9PCS) SINGLE,5,44.29,221.45,59.08,280.53,2025-12-19 10:45:00+00,2025-12-19 10:45:00+00
113,5,10.0,LEMON TIN(24PCS) CASE,4,342.86,1371.44,365.9,1737.34,2025-12-19 10:45:00+00,2025-12-19 10:45:00+00
114,5,11.0,ORANGE TIN (24PCS) CASE,4,342.86,1371.44,365.9,1737.34,2025-12-19 10:45:00+00,2025-12-19 10:45:00+00
115,5,21.0,POWER UP 1L(12PCS) CASE,1,282.86,282.86,75.47,358.33,2025-12-19 10:45:00+00,2025-12-19 10:45:00+00
116,5,20.0,POWER UP 200ML (30PCS) CASE,5,150.0,750.0,200.1,950.1,2025-12-19 10:45:00+00,2025-12-19 10:45:00+00
117,5,25.0,SUNCRUSH MANGO(24PCS) CASE,3,365.71,1097.13,292.72,1389.85,2025-12-19 10:45:00+00,2025-12-19 10:45:00+00
118,5,26.0,SUNCRUSH MIXED FRUIT (24PCS) CASE,3,365.71,1097.13,292.72,1389.85,2025-12-19 10:45:00+00,2025-12-19 10:45:00+00
119,5,24.0,SUNCRUSH ORANGE 200ML(24PCS) CASE,3,365.71,1097.13,292.72,1389.85,2025-12-19 10:45:00+00,2025-12-19 10:45:00+00
120,5,32.0,gluco energy cup SINGLE,2,5.95,11.9,3.17,15.07,2025-12-19 10:45:00+00,2025-12-19 10:45:00+00
121,5,33.0,gluco nimbu paani CASE,2,142.86,285.72,76.23,361.95,2025-12-19 10:45:00+00,2025-12-19 10:45:00+00
122,6,29.0,1.5l INDEPENDENCE CASE,5,102.86,514.3,120.07,634.37,2025-12-20 10:47:00+00,2025-12-20 10:47:00+00
123,6,22.0,150ML STRAWBERRY KICK(30PCS) CASE,6,150.0,900.0,210.11,1110.11,2025-12-20 10:47:00+00,2025-12-20 10:47:00+00
124,6,3.0,1L ORANGE CASE,1,282.86,282.86,66.04,348.9,2025-12-20 10:47:00+00,2025-12-20 10:47:00+00
125,6,30.0,1L a Sure water CASE,28,114.29,3200.12,747.1,3947.22,2025-12-20 10:47:00+00,2025-12-20 10:47:00+00
126,6,6.0,200 ML LEMON CASH 30PCS,6,150.0,900.0,210.11,1110.11,2025-12-20 10:47:00+00,2025-12-20 10:47:00+00
127,6,17.0,200ML MANGO (30PCS) CASE,6,200.0,1200.0,280.15,1480.15,2025-12-20 10:47:00+00,2025-12-20 10:47:00+00
128,6,1.0,200ML ORANGE CASE,6,150.0,900.0,210.11,1110.11,2025-12-20 10:47:00+00,2025-12-20 10:47:00+00
129,6,31.0,200ML PANNER SODA(30PCS) CASE,6,150.0,900.0,210.11,1110.11,2025-12-20 10:47:00+00,2025-12-20 10:47:00+00
130,6,4.0,2L ORANGE SINGLE,6,44.29,265.74,62.04,327.78,2025-12-20 10:47:00+00,2025-12-20 10:47:00+00
131,6,7.0,500ML LEMON (24PCS) CASE,2,257.14,514.28,120.06,634.34,2025-12-20 10:47:00+00,2025-12-20 10:47:00+00
132,6,7.0,500ML LEMON (24PCS) SINGLE,8,10.71,85.68,20.0,105.68,2025-12-20 10:47:00+00,2025-12-20 10:47:00+00
133,6,35.0,500ML MANGO CASE,2,342.86,685.72,160.09,845.81,2025-12-20 10:47:00+00,2025-12-20 10:47:00+00
134,6,2.0,500ML ORANGE CASE,2,257.14,514.28,120.06,634.34,2025-12-20 10:47:00+00,2025-12-20 10:47:00+00
135,6,2.0,500ML ORANGE SINGLE,8,10.71,85.68,20.0,105.68,2025-12-20 10:47:00+00,2025-12-20 10:47:00+00
136,6,28.0,750ml INDEPENDENCE WATER (15PCS) CASE,10,85.71,857.1,200.1,1057.2,2025-12-20 10:47:00+00,2025-12-20 10:47:00+00
137,6,27.0,CHOCO MILKSHAKE(30PCS) CASE,1,714.29,714.29,166.76,881.05,2025-12-20 10:47:00+00,2025-12-20 10:47:00+00
138,6,15.0,COKE 1L(12PCS) CASE,1,282.86,282.86,66.04,348.9,2025-12-20 10:47:00+00,2025-12-20 10:47:00+00
139,6,13.0,COKE 200ML(30PCS) CASE,6,150.0,900.0,210.11,1110.11,2025-12-20 10:47:00+00,2025-12-20 10:47:00+00
140,6,16.0,COKE 2L(9PCS) SINGLE,6,44.29,265.74,62.04,327.78,2025-12-20 10:47:00+00,2025-12-20 10:47:00+00
141,6,14.0,COKE 500ML(24PCS) CASE,2,257.14,514.28,120.06,634.34,2025-12-20 10:47:00+00,2025-12-20 10:47:00+00
142,6,12.0,COKE TIN(24PCS) CASE,3,342.86,1028.58,240.13,1268.71,2025-12-20 10:47:00+00,2025-12-20 10:47:00+00
143,6,34.0,ENERGY GOLD TIN CASE,3,428.57,1285.71,300.16,1585.87,2025-12-20 10:47:00+00,2025-12-20 10:47:00+00
144,6,8.0,LEMON 1L (12 PCS) CASE,1,282.86,282.86,66.04,348.9,2025-12-20 10:47:00+00,2025-12-20 10:47:00+00
145,6,9.0,LEMON 2L (9PCS) SINGLE,5,44.29,221.45,51.7,273.15,2025-12-20 10:47:00+00,2025-12-20 10:47:00+00
146,6,10.0,LEMON TIN(24PCS) CASE,3,342.86,1028.58,240.13,1268.71,2025-12-20 10:47:00+00,2025-12-20 10:47:00+00
147,6,11.0,ORANGE TIN (24PCS) CASE,3,342.86,1028.58,240.13,1268.71,2025-12-20 10:47:00+00,2025-12-20 10:47:00+00
148,6,21.0,POWER UP 1L(12PCS) CASE,1,282.86,282.86,66.04,348.9,2025-12-20 10:47:00+00,2025-12-20 10:47:00+00
149,6,25.0,SUNCRUSH MANGO(24PCS) CASE,3,365.71,1097.13,256.14,1353.27,2025-12-20 10:47:00+00,2025-12-20 10:47:00+00
150,6,26.0,SUNCRUSH MIXED FRUIT (24PCS) CASE,3,365.71,1097.13,256.14,1353.27,2025-12-20 10:47:00+00,2025-12-20 10:47:00+00
151,6,24.0,SUNCRUSH ORANGE 200ML(24PCS) CASE,3,365.71,1097.13,256.14,1353.27,2025-12-20 10:47:00+00,2025-12-20 10:47:00+00
152,6,32.0,gluco energy cup CASE,3,142.86,428.58,100.06,528.64,2025-12-20 10:47:00+00,2025-12-20 10:47:00+00
153,6,33.0,gluco nimbu paani CASE,3,142.86,428.58,100.06,528.64,2025-12-20 10:47:00+00,2025-12-20 10:47:00+00
154,7,29.0,1.5l INDEPENDENCE CASE,5,102.86,514.3,134.46,648.76,2025-12-22 10:25:00+00,2025-12-22 10:25:00+00
155,7,22.0,150ML STRAWBERRY KICK(30PCS) CASE,5,150.0,750.0,196.08,946.08,2025-12-22 10:25:00+00,2025-12-22 10:25:00+00
156,7,3.0,1L ORANGE CASE,1,282.86,282.86,73.95,356.81,2025-12-22 10:25:00+00,2025-12-22 10:25:00+00
157,7,30.0,1L a Sure water CASE,10,114.29,1142.9,298.79,1441.69,2025-12-22 10:25:00+00,2025-12-22 10:25:00+00
158,7,6.0,200 ML LEMON CASH 30PCS,10,150.0,1500.0,392.15,1892.15,2025-12-22 10:25:00+00,2025-12-22 10:25:00+00
159,7,17.0,200ML MANGO (30PCS) CASE,5,200.0,1000.0,261.43,1261.43,2025-12-22 10:25:00+00,2025-12-22 10:25:00+00
160,7,1.0,200ML ORANGE CASE,10,150.0,1500.0,392.15,1892.15,2025-12-22 10:25:00+00,2025-12-22 10:25:00+00
161,7,31.0,200ML PANNER SODA(30PCS) CASE,5,150.0,750.0,196.08,946.08,2025-12-22 10:25:00+00,2025-12-22 10:25:00+00
162,7,23.0,250ML ENERGY BERRY KICK(30PCS) CASE,3,342.86,1028.58,268.91,1297.49,2025-12-22 10:25:00+00,2025-12-22 10:25:00+00
163,7,4.0,2L ORANGE SINGLE,6,44.29,265.74,69.47,335.21,2025-12-22 10:25:00+00,2025-12-22 10:25:00+00
164,7,7.0,500ML LEMON (24PCS) CASE,3,257.14,771.42,201.68,973.1,2025-12-22 10:25:00+00,2025-12-22 10:25:00+00
165,7,7.0,500ML LEMON (24PCS) SINGLE,16,10.71,171.36,44.8,216.16,2025-12-22 10:25:00+00,2025-12-22 10:25:00+00
166,7,2.0,500ML ORANGE CASE,3,257.14,771.42,201.68,973.1,2025-12-22 10:25:00+00,2025-12-22 10:25:00+00
167,7,2.0,500ML ORANGE SINGLE,6,10.71,64.26,16.8,81.06,2025-12-22 10:25:00+00,2025-12-22 10:25:00+00
168,7,28.0,750ml INDEPENDENCE WATER (15PCS) CASE,10,85.71,857.1,224.08,1081.18,2025-12-22 10:25:00+00,2025-12-22 10:25:00+00
169,7,27.0,CHOCO MILKSHAKE(30PCS) CASE,3,714.29,2142.87,560.22,2703.09,2025-12-22 10:25:00+00,2025-12-22 10:25:00+00
170,7,15.0,COKE 1L(12PCS) CASE,1,282.86,282.86,73.95,356.81,2025-12-22 10:25:00+00,2025-12-22 10:25:00+00
171,7,13.0,COKE 200ML(30PCS) CASE,5,150.0,750.0,196.08,946.08,2025-12-22 10:25:00+00,2025-12-22 10:25:00+00
172,7,16.0,COKE 2L(9PCS) SINGLE,6,44.29,265.74,69.47,335.21,2025-12-22 10:25:00+00,2025-12-22 10:25:00+00
173,7,14.0,COKE 500ML(24PCS) CASE,3,257.14,771.42,201.68,973.1,2025-12-22 10:25:00+00,2025-12-22 10:25:00+00
174,7,12.0,COKE TIN(24PCS) CASE,3,342.86,1028.58,268.91,1297.49,2025-12-22 10:25:00+00,2025-12-22 10:25:00+00
175,7,34.0,ENERGY GOLD TIN CASE,3,428.57,1285.71,336.13,1621.84,2025-12-22 10:25:00+00,2025-12-22 10:25:00+00
176,7,8.0,LEMON 1L (12 PCS) CASE,1,282.86,282.86,73.95,356.81,2025-12-22 10:25:00+00,2025-12-22 10:25:00+00
177,7,9.0,LEMON 2L (9PCS) SINGLE,5,44.29,221.45,57.89,279.34,2025-12-22 10:25:00+00,2025-12-22 10:25:00+00
178,7,10.0,LEMON TIN(24PCS) CASE,3,342.86,1028.58,268.91,1297.49,2025-12-22 10:25:00+00,2025-12-22 10:25:00+00
179,7,11.0,ORANGE TIN (24PCS) CASE,3,342.86,1028.58,268.91,1297.49,2025-12-22 10:25:00+00,2025-12-22 10:25:00+00
180,7,21.0,POWER UP 1L(12PCS) CASE,1,282.86,282.86,73.95,356.81,2025-12-22 10:25:00+00,2025-12-22 10:25:00+00
181,7,20.0,POWER UP 200ML (30PCS) CASE,5,150.0,750.0,196.08,946.08,2025-12-22 10:25:00+00,2025-12-22 10:25:00+00
182,7,25.0,SUNCRUSH MANGO(24PCS) CASE,3,365.71,1097.13,286.83,1383.96,2025-12-22 10:25:00+00,2025-12-22 10:25:00+00
183,7,26.0,SUNCRUSH MIXED FRUIT (24PCS) CASE,3,365.71,1097.13,286.83,1383.96,2025-12-22 10:25:00+00,2025-12-22 10:25:00+00
184,7,24.0,SUNCRUSH ORANGE 200ML(24PCS) CASE,3,365.71,1097.13,286.83,1383.96,2025-12-22 10:25:00+00,2025-12-22 10:25:00+00
185,7,32.0,gluco energy cup CASE,5,142.86,714.3,186.74,901.04,2025-12-22 10:25:00+00,2025-12-22 10:25:00+00
186,7,33.0,gluco nimbu paani CASE,5,142.86,714.3,186.74,901.04,2025-12-22 10:25:00+00,2025-12-22 10:25:00+00
187,8,29.0,1.5l INDEPENDENCE CASE,3,102.86,308.58,75.25,383.83,2025-12-23 10:49:00+00,2025-12-23 10:49:00+00
188,8,22.0,150ML STRAWBERRY KICK(30PCS) CASE,3,150.0,450.0,109.74,559.74,2025-12-23 10:49:00+00,2025-12-23 10:49:00+00
189,8,3.0,1L ORANGE CASE,1,282.86,282.86,68.98,351.84,2025-12-23 10:49:00+00,2025-12-23 10:49:00+00
190,8,30.0,1L a Sure water CASE,8,114.29,914.32,222.98,1137.3,2025-12-23 10:49:00+00,2025-12-23 10:49:00+00
191,8,6.0,200 ML LEMON CASH 30PCS,5,150.0,750.0,182.9,932.9,2025-12-23 10:49:00+00,2025-12-23 10:49:00+00
192,8,17.0,200ML MANGO (30PCS) CASE,5,200.0,1000.0,243.87,1243.87,2025-12-23 10:49:00+00,2025-12-23 10:49:00+00
193,8,1.0,200ML ORANGE CASE,5,150.0,750.0,182.9,932.9,2025-12-23 10:49:00+00,2025-12-23 10:49:00+00
194,8,31.0,200ML PANNER SODA(30PCS) CASE,5,150.0,750.0,182.9,932.9,2025-12-23 10:49:00+00,2025-12-23 10:49:00+00
195,8,23.0,250ML ENERGY BERRY KICK(30PCS) CASE,2,342.86,685.72,167.23,852.95,2025-12-23 10:49:00+00,2025-12-23 10:49:00+00
196,8,4.0,2L ORANGE SINGLE,6,44.29,265.74,64.81,330.55,2025-12-23 10:49:00+00,2025-12-23 10:49:00+00
197,8,7.0,500ML LEMON (24PCS) CASE,2,257.14,514.28,125.42,639.7,2025-12-23 10:49:00+00,2025-12-23 10:49:00+00
198,8,2.0,500ML ORANGE CASE,1,257.14,257.14,62.71,319.85,2025-12-23 10:49:00+00,2025-12-23 10:49:00+00
199,8,2.0,500ML ORANGE SINGLE,8,10.71,85.68,20.9,106.58,2025-12-23 10:49:00+00,2025-12-23 10:49:00+00
200,8,28.0,750ml INDEPENDENCE WATER (15PCS) CASE,8,85.71,685.68,167.22,852.9,2025-12-23 10:49:00+00,2025-12-23 10:49:00+00
201,8,15.0,COKE 1L(12PCS) CASE,1,282.86,282.86,68.98,351.84,2025-12-23 10:49:00+00,2025-12-23 10:49:00+00
202,8,13.0,COKE 200ML(30PCS) CASE,5,150.0,750.0,182.9,932.9,2025-12-23 10:49:00+00,2025-12-23 10:49:00+00
203,8,16.0,COKE 2L(9PCS) SINGLE,6,44.29,265.74,64.81,330.55,2025-12-23 10:49:00+00,2025-12-23 10:49:00+00
204,8,14.0,COKE 500ML(24PCS) CASE,1,257.14,257.14,62.71,319.85,2025-12-23 10:49:00+00,2025-12-23 10:49:00+00
205,8,14.0,COKE 500ML(24PCS) SINGLE,16,10.71,171.36,41.79,213.15,2025-12-23 10:49:00+00,2025-12-23 10:49:00+00
206,8,8.0,LEMON 1L (12 PCS) CASE,1,282.86,282.86,68.98,351.84,2025-12-23 10:49:00+00,2025-12-23 10:49:00+00
207,8,9.0,LEMON 2L (9PCS) SINGLE,5,44.29,221.45,54.01,275.46,2025-12-23 10:49:00+00,2025-12-23 10:49:00+00
208,8,21.0,POWER UP 1L(12PCS) CASE,1,282.86,282.86,68.98,351.84,2025-12-23 10:49:00+00,2025-12-23 10:49:00+00
209,8,20.0,POWER UP 200ML (30PCS) CASE,3,150.0,450.0,109.74,559.74,2025-12-23 10:49:00+00,2025-12-23 10:49:00+00
210,8,25.0,SUNCRUSH MANGO(24PCS) CASE,2,365.71,731.42,178.37,909.79,2025-12-23 10:49:00+00,2025-12-23 10:49:00+00
211,8,26.0,SUNCRUSH MIXED FRUIT (24PCS) CASE,2,365.71,731.42,178.37,909.79,2025-12-23 10:49:00+00,2025-12-23 10:49:00+00
212,8,24.0,SUNCRUSH ORANGE 200ML(24PCS) CASE,2,365.71,731.42,178.37,909.79,2025-12-23 10:49:00+00,2025-12-23 10:49:00+00
213,8,32.0,gluco energy cup CASE,4,142.86,571.44,139.36,710.8,2025-12-23 10:49:00+00,2025-12-23 10:49:00+00
214,8,33.0,gluco nimbu paani CASE,4,142.86,571.44,139.36,710.8,2025-12-23 10:49:00+00,2025-12-23 10:49:00+00
215,9,29.0,1.5l INDEPENDENCE CASE,1,102.86,102.86,25.29,128.15,2025-12-24 10:12:00+00,2025-12-24 10:12:00+00
216,9,19.0,150 ML MIUXED FRUIT(30PCS) CASE,4,200.0,800.0,196.72,996.72,2025-12-24 10:12:00+00,2025-12-24 10:12:00+00
217,9,3.0,1L ORANGE CASE,1,282.86,282.86,69.55,352.41,2025-12-24 10:12:00+00,2025-12-24 10:12:00+00
218,9,30.0,1L a Sure water CASE,15,114.29,1714.35,421.56,2135.91,2025-12-24 10:12:00+00,2025-12-24 10:12:00+00
219,9,6.0,200 ML LEMON CASH 30PCS,7,150.0,1050.0,258.19,1308.19,2025-12-24 10:12:00+00,2025-12-24 10:12:00+00
220,9,17.0,200ML MANGO (30PCS) CASE,7,200.0,1400.0,344.26,1744.26,2025-12-24 10:12:00+00,2025-12-24 10:12:00+00
221,9,1.0,200ML ORANGE CASE,7,150.0,1050.0,258.19,1308.19,2025-12-24 10:12:00+00,2025-12-24 10:12:00+00
222,9,31.0,200ML PANNER SODA(30PCS) CASE,7,150.0,1050.0,258.19,1308.19,2025-12-24 10:12:00+00,2025-12-24 10:12:00+00
223,9,23.0,250ML ENERGY BERRY KICK(30PCS) CASE,2,342.86,685.72,168.62,854.34,2025-12-24 10:12:00+00,2025-12-24 10:12:00+00
224,9,4.0,2L ORANGE SINGLE,6,44.29,265.74,65.35,331.09,2025-12-24 10:12:00+00,2025-12-24 10:12:00+00
225,9,28.0,750ml INDEPENDENCE WATER (15PCS) CASE,10,85.71,857.1,210.76,1067.86,2025-12-24 10:12:00+00,2025-12-24 10:12:00+00
226,9,27.0,CHOCO MILKSHAKE(30PCS) CASE,2,714.29,1428.58,351.29,1779.87,2025-12-24 10:12:00+00,2025-12-24 10:12:00+00
227,9,15.0,COKE 1L(12PCS) CASE,1,282.86,282.86,69.55,352.41,2025-12-24 10:12:00+00,2025-12-24 10:12:00+00
228,9,13.0,COKE 200ML(30PCS) CASE,7,150.0,1050.0,258.19,1308.19,2025-12-24 10:12:00+00,2025-12-24 10:12:00+00
229,9,16.0,COKE 2L(9PCS) SINGLE,6,44.29,265.74,65.35,331.09,2025-12-24 10:12:00+00,2025-12-24 10:12:00+00
230,9,12.0,COKE TIN(24PCS) CASE,3,342.86,1028.58,252.93,1281.51,2025-12-24 10:12:00+00,2025-12-24 10:12:00+00
231,9,34.0,ENERGY GOLD TIN CASE,3,428.57,1285.71,316.15,1601.86,2025-12-24 10:12:00+00,2025-12-24 10:12:00+00
232,9,8.0,LEMON 1L (12 PCS) CASE,1,282.86,282.86,69.55,352.41,2025-12-24 10:12:00+00,2025-12-24 10:12:00+00
233,9,9.0,LEMON 2L (9PCS) SINGLE,5,44.29,221.45,54.45,275.9,2025-12-24 10:12:00+00,2025-12-24 10:12:00+00
234,9,10.0,LEMON TIN(24PCS) CASE,3,342.86,1028.58,252.93,1281.51,2025-12-24 10:12:00+00,2025-12-24 10:12:00+00
235,9,11.0,ORANGE TIN (24PCS) CASE,3,342.86,1028.58,252.93,1281.51,2025-12-24 10:12:00+00,2025-12-24 10:12:00+00
236,9,21.0,POWER UP 1L(12PCS) CASE,1,282.86,282.86,69.55,352.41,2025-12-24 10:12:00+00,2025-12-24 10:12:00+00
237,9,20.0,POWER UP 200ML (30PCS) CASE,5,150.0,750.0,184.42,934.42,2025-12-24 10:12:00+00,2025-12-24 10:12:00+00
238,9,25.0,SUNCRUSH MANGO(24PCS) CASE,2,365.71,731.42,179.85,911.27,2025-12-24 10:12:00+00,2025-12-24 10:12:00+00
239,9,26.0,SUNCRUSH MIXED FRUIT (24PCS) CASE,2,365.71,731.42,179.85,911.27,2025-12-24 10:12:00+00,2025-12-24 10:12:00+00
240,9,24.0,SUNCRUSH ORANGE 200ML(24PCS) CASE,2,365.71,731.42,179.85,911.27,2025-12-24 10:12:00+00,2025-12-24 10:12:00+00
241,9,32.0,gluco energy cup CASE,3,142.86,428.58,105.39,533.97,2025-12-24 10:12:00+00,2025-12-24 10:12:00+00
242,9,33.0,gluco nimbu paani CASE,3,142.86,428.58,105.39,533.97,2025-12-24 10:12:00+00,2025-12-24 10:12:00+00
243,10,29.0,1.5l INDEPENDENCE CASE,10,102.86,1028.6,257.6,1286.2,2025-12-25 10:33:00+00,2025-12-25 10:33:00+00
244,10,22.0,150ML STRAWBERRY KICK(30PCS) CASE,2,150.0,300.0,75.13,375.13,2025-12-25 10:33:00+00,2025-12-25 10:33:00+00
245,10,3.0,1L ORANGE CASE,1,282.86,282.86,70.84,353.7,2025-12-25 10:33:00+00,2025-12-25 10:33:00+00
246,10,30.0,1L a Sure water CASE,10,114.29,1142.9,286.23,1429.13,2025-12-25 10:33:00+00,2025-12-25 10:33:00+00
247,10,6.0,200 ML LEMON CASH 30PCS,7,150.0,1050.0,262.96,1312.96,2025-12-25 10:33:00+00,2025-12-25 10:33:00+00
248,10,17.0,200ML MANGO (30PCS) CASE,7,200.0,1400.0,350.62,1750.62,2025-12-25 10:33:00+00,2025-12-25 10:33:00+00
249,10,1.0,200ML ORANGE CASE,7,150.0,1050.0,262.96,1312.96,2025-12-25 10:33:00+00,2025-12-25 10:33:00+00
250,10,31.0,200ML PANNER SODA(30PCS) SINGLE,1,5.0,5.0,1.25,6.25,2025-12-25 10:33:00+00,2025-12-25 10:33:00+00
251,10,23.0,250ML ENERGY BERRY KICK(30PCS) CASE,2,342.86,685.72,171.73,857.45,2025-12-25 10:33:00+00,2025-12-25 10:33:00+00
252,10,4.0,2L ORANGE SINGLE,6,44.29,265.74,66.55,332.29,2025-12-25 10:33:00+00,2025-12-25 10:33:00+00
253,10,7.0,500ML LEMON (24PCS) CASE,2,257.14,514.28,128.8,643.08,2025-12-25 10:33:00+00,2025-12-25 10:33:00+00
254,10,2.0,500ML ORANGE CASE,2,257.14,514.28,128.8,643.08,2025-12-25 10:33:00+00,2025-12-25 10:33:00+00
255,10,28.0,750ml INDEPENDENCE WATER (15PCS) CASE,10,85.71,857.1,214.65,1071.75,2025-12-25 10:33:00+00,2025-12-25 10:33:00+00
256,10,27.0,CHOCO MILKSHAKE(30PCS) CASE,2,714.29,1428.58,357.77,1786.35,2025-12-25 10:33:00+00,2025-12-25 10:33:00+00
257,10,15.0,COKE 1L(12PCS) CASE,1,282.86,282.86,70.84,353.7,2025-12-25 10:33:00+00,2025-12-25 10:33:00+00
258,10,13.0,COKE 200ML(30PCS) CASE,7,150.0,1050.0,262.96,1312.96,2025-12-25 10:33:00+00,2025-12-25 10:33:00+00
259,10,16.0,COKE 2L(9PCS) SINGLE,6,44.29,265.74,66.55,332.29,2025-12-25 10:33:00+00,2025-12-25 10:33:00+00
260,10,14.0,COKE 500ML(24PCS) CASE,2,257.14,514.28,128.8,643.08,2025-12-25 10:33:00+00,2025-12-25 10:33:00+00
261,10,12.0,COKE TIN(24PCS) CASE,3,342.86,1028.58,257.6,1286.18,2025-12-25 10:33:00+00,2025-12-25 10:33:00+00
262,10,34.0,ENERGY GOLD TIN CASE,3,428.57,1285.71,321.99,1607.7,2025-12-25 10:33:00+00,2025-12-25 10:33:00+00
263,10,8.0,LEMON 1L (12 PCS) CASE,1,282.86,282.86,70.84,353.7,2025-12-25 10:33:00+00,2025-12-25 10:33:00+00
264,10,9.0,LEMON 2L (9PCS) SINGLE,5,44.29,221.45,55.46,276.91,2025-12-25 10:33:00+00,2025-12-25 10:33:00+00
265,10,10.0,LEMON TIN(24PCS) CASE,3,342.86,1028.58,257.6,1286.18,2025-12-25 10:33:00+00,2025-12-25 10:33:00+00
266,10,11.0,ORANGE TIN (24PCS) CASE,3,342.86,1028.58,257.6,1286.18,2025-12-25 10:33:00+00,2025-12-25 10:33:00+00
267,10,21.0,POWER UP 1L(12PCS) CASE,1,282.86,282.86,70.84,353.7,2025-12-25 10:33:00+00,2025-12-25 10:33:00+00
268,10,25.0,SUNCRUSH MANGO(24PCS) CASE,2,365.71,731.42,183.18,914.6,2025-12-25 10:33:00+00,2025-12-25 10:33:00+00
269,10,26.0,SUNCRUSH MIXED FRUIT (24PCS) CASE,2,365.71,731.42,183.18,914.6,2025-12-25 10:33:00+00,2025-12-25 10:33:00+00
270,10,24.0,SUNCRUSH ORANGE 200ML(24PCS) CASE,2,365.71,731.42,183.18,914.6,2025-12-25 10:33:00+00,2025-12-25 10:33:00+00
271,10,32.0,gluco energy cup CASE,3,142.86,428.58,107.33,535.91,2025-12-25 10:33:00+00,2025-12-25 10:33:00+00
272,10,33.0,gluco nimbu paani CASE,3,142.86,428.58,107.33,535.91,2025-12-25 10:33:00+00,2025-12-25 10:33:00+00
273,11,29.0,1.5l INDEPENDENCE CASE,5,102.86,514.3,128.28,642.58,2025-12-26 10:28:00+00,2025-12-26 10:28:00+00
274,11,22.0,150ML STRAWBERRY KICK(30PCS) CASE,4,150.0,600.0,149.66,749.66,2025-12-26 10:28:00+00,2025-12-26 10:28:00+00
275,11,3.0,1L ORANGE CASE,1,282.86,282.86,70.55,353.41,2025-12-26 10:28:00+00,2025-12-26 10:28:00+00
276,11,30.0,1L a Sure water CASE,15,114.29,1714.35,427.61,2141.96,2025-12-26 10:28:00+00,2025-12-26 10:28:00+00
277,11,6.0,200 ML LEMON CASH 30PCS,5,150.0,750.0,187.07,937.07,2025-12-26 10:28:00+00,2025-12-26 10:28:00+00
278,11,17.0,200ML MANGO (30PCS) CASE,5,200.0,1000.0,249.43,1249.43,2025-12-26 10:28:00+00,2025-12-26 10:28:00+00
279,11,1.0,200ML ORANGE CASE,5,150.0,750.0,187.07,937.07,2025-12-26 10:28:00+00,2025-12-26 10:28:00+00
280,11,31.0,200ML PANNER SODA(30PCS) CASE,5,150.0,750.0,187.07,937.07,2025-12-26 10:28:00+00,2025-12-26 10:28:00+00
281,11,23.0,250ML ENERGY BERRY KICK(30PCS) CASE,3,342.86,1028.58,256.56,1285.14,2025-12-26 10:28:00+00,2025-12-26 10:28:00+00
282,11,4.0,2L ORANGE SINGLE,6,44.29,265.74,66.28,332.02,2025-12-26 10:28:00+00,2025-12-26 10:28:00+00
283,11,7.0,500ML LEMON (24PCS) CASE,3,257.14,771.42,192.42,963.84,2025-12-26 10:28:00+00,2025-12-26 10:28:00+00
284,11,2.0,500ML ORANGE CASE,3,257.14,771.42,192.42,963.84,2025-12-26 10:28:00+00,2025-12-26 10:28:00+00
285,11,28.0,750ml INDEPENDENCE WATER (15PCS) CASE,15,85.71,1285.65,320.68,1606.33,2025-12-26 10:28:00+00,2025-12-26 10:28:00+00
286,11,27.0,CHOCO MILKSHAKE(30PCS) CASE,2,714.29,1428.58,356.33,1784.91,2025-12-26 10:28:00+00,2025-12-26 10:28:00+00
287,11,15.0,COKE 1L(12PCS) CASE,1,282.86,282.86,70.55,353.41,2025-12-26 10:28:00+00,2025-12-26 10:28:00+00
288,11,13.0,COKE 200ML(30PCS) CASE,5,150.0,750.0,187.07,937.07,2025-12-26 10:28:00+00,2025-12-26 10:28:00+00
289,11,16.0,COKE 2L(9PCS) SINGLE,6,44.29,265.74,66.28,332.02,2025-12-26 10:28:00+00,2025-12-26 10:28:00+00
290,11,14.0,COKE 500ML(24PCS) CASE,3,257.14,771.42,192.42,963.84,2025-12-26 10:28:00+00,2025-12-26 10:28:00+00
291,11,12.0,COKE TIN(24PCS) CASE,3,342.86,1028.58,256.56,1285.14,2025-12-26 10:28:00+00,2025-12-26 10:28:00+00
292,11,8.0,LEMON 1L (12 PCS) CASE,1,282.86,282.86,70.55,353.41,2025-12-26 10:28:00+00,2025-12-26 10:28:00+00
293,11,9.0,LEMON 2L (9PCS) SINGLE,5,44.29,221.45,55.24,276.69,2025-12-26 10:28:00+00,2025-12-26 10:28:00+00
294,11,10.0,LEMON TIN(24PCS) CASE,3,342.86,1028.58,256.56,1285.14,2025-12-26 10:28:00+00,2025-12-26 10:28:00+00
295,11,11.0,ORANGE TIN (24PCS) CASE,3,342.86,1028.58,256.56,1285.14,2025-12-26 10:28:00+00,2025-12-26 10:28:00+00
296,11,21.0,POWER UP 1L(12PCS) CASE,1,282.86,282.86,70.55,353.41,2025-12-26 10:28:00+00,2025-12-26 10:28:00+00
297,11,25.0,SUNCRUSH MANGO(24PCS) CASE,2,365.71,731.42,182.44,913.86,2025-12-26 10:28:00+00,2025-12-26 10:28:00+00
298,11,26.0,SUNCRUSH MIXED FRUIT (24PCS) CASE,2,365.71,731.42,182.44,913.86,2025-12-26 10:28:00+00,2025-12-26 10:28:00+00
299,11,24.0,SUNCRUSH ORANGE 200ML(24PCS) CASE,2,365.71,731.42,182.44,913.86,2025-12-26 10:28:00+00,2025-12-26 10:28:00+00
300,11,32.0,gluco energy cup CASE,3,142.86,428.58,106.9,535.48,2025-12-26 10:28:00+00,2025-12-26 10:28:00+00
301,11,33.0,gluco nimbu paani CASE,3,142.86,428.58,106.9,535.48,2025-12-26 10:28:00+00,2025-12-26 10:28:00+00
302,12,3.0,1L ORANGE CASE,1,282.86,282.86,80.98,363.84,2025-12-27 10:45:00+00,2025-12-27 10:45:00+00
303,12,6.0,200 ML LEMON CASH 30PCS,5,150.0,750.0,214.73,964.73,2025-12-27 10:45:00+00,2025-12-27 10:45:00+00
304,12,17.0,200ML MANGO (30PCS) CASE,5,200.0,1000.0,286.3,1286.3,2025-12-27 10:45:00+00,2025-12-27 10:45:00+00
305,12,1.0,200ML ORANGE CASE,5,150.0,750.0,214.73,964.73,2025-12-27 10:45:00+00,2025-12-27 10:45:00+00
306,12,31.0,200ML PANNER SODA(30PCS) CASE,5,150.0,750.0,214.73,964.73,2025-12-27 10:45:00+00,2025-12-27 10:45:00+00
307,12,23.0,250ML ENERGY BERRY KICK(30PCS) CASE,3,342.86,1028.58,294.48,1323.06,2025-12-27 10:45:00+00,2025-12-27 10:45:00+00
308,12,4.0,2L ORANGE SINGLE,6,44.29,265.74,76.08,341.82,2025-12-27 10:45:00+00,2025-12-27 10:45:00+00
309,12,7.0,500ML LEMON (24PCS) CASE,2,257.14,514.28,147.24,661.52,2025-12-27 10:45:00+00,2025-12-27 10:45:00+00
310,12,2.0,500ML ORANGE CASE,2,257.14,514.28,147.24,661.52,2025-12-27 10:45:00+00,2025-12-27 10:45:00+00
311,12,27.0,CHOCO MILKSHAKE(30PCS) CASE,2,714.29,1428.58,409.0,1837.58,2025-12-27 10:45:00+00,2025-12-27 10:45:00+00
312,12,15.0,COKE 1L(12PCS) CASE,1,282.86,282.86,80.98,363.84,2025-12-27 10:45:00+00,2025-12-27 10:45:00+00
313,12,13.0,COKE 200ML(30PCS) CASE,5,150.0,750.0,214.73,964.73,2025-12-27 10:45:00+00,2025-12-27 10:45:00+00
314,12,16.0,COKE 2L(9PCS) SINGLE,6,44.29,265.74,76.08,341.82,2025-12-27 10:45:00+00,2025-12-27 10:45:00+00
315,12,14.0,COKE 500ML(24PCS) CASE,2,257.14,514.28,147.24,661.52,2025-12-27 10:45:00+00,2025-12-27 10:45:00+00
316,12,12.0,COKE TIN(24PCS) CASE,3,342.86,1028.58,294.48,1323.06,2025-12-27 10:45:00+00,2025-12-27 10:45:00+00
317,12,34.0,ENERGY GOLD TIN CASE,3,428.57,1285.71,368.1,1653.81,2025-12-27 10:45:00+00,2025-12-27 10:45:00+00
318,12,8.0,LEMON 1L (12 PCS) CASE,1,282.86,282.86,80.98,363.84,2025-12-27 10:45:00+00,2025-12-27 10:45:00+00
319,12,9.0,LEMON 2L (9PCS) SINGLE,5,44.29,221.45,63.4,284.85,2025-12-27 10:45:00+00,2025-12-27 10:45:00+00
320,12,10.0,LEMON TIN(24PCS) CASE,3,342.86,1028.58,294.48,1323.06,2025-12-27 10:45:00+00,2025-12-27 10:45:00+00
321,12,11.0,ORANGE TIN (24PCS) CASE,3,342.86,1028.58,294.48,1323.06,2025-12-27 10:45:00+00,2025-12-27 10:45:00+00
322,12,21.0,POWER UP 1L(12PCS) CASE,1,282.86,282.86,80.98,363.84,2025-12-27 10:45:00+00,2025-12-27 10:45:00+00
323,12,20.0,POWER UP 200ML (30PCS) CASE,5,150.0,750.0,214.73,964.73,2025-12-27 10:45:00+00,2025-12-27 10:45:00+00
324,12,25.0,SUNCRUSH MANGO(24PCS) CASE,2,365.71,731.42,209.41,940.83,2025-12-27 10:45:00+00,2025-12-27 10:45:00+00
325,12,26.0,SUNCRUSH MIXED FRUIT (24PCS) CASE,2,365.71,731.42,209.41,940.83,2025-12-27 10:45:00+00,2025-12-27 10:45:00+00
326,12,24.0,SUNCRUSH ORANGE 200ML(24PCS) CASE,2,365.71,731.42,209.41,940.83,2025-12-27 10:45:00+00,2025-12-27 10:45:00+00
327,12,32.0,gluco energy cup CASE,5,142.86,714.3,204.51,918.81,2025-12-27 10:45:00+00,2025-12-27 10:45:00+00
328,12,33.0,gluco nimbu paani CASE,5,142.86,714.3,204.51,918.81,2025-12-27 10:45:00+00,2025-12-27 10:45:00+00
329,13,7.0,500ML LEMON (24PCS) CASE,10,257.14,2571.4,630.33,3201.73,2025-12-28 08:22:00+00,2025-12-28 08:22:00+00
330,13,14.0,COKE 500ML(24PCS) CASE,4,257.14,1028.56,252.13,1280.69,2025-12-28 08:22:00+00,2025-12-28 08:22:00+00
331,13,32.0,gluco energy cup CASE,10,142.86,1428.6,350.19,1778.79,2025-12-28 08:22:00+00,2025-12-28 08:22:00+00
332,13,33.0,gluco nimbu paani CASE,10,142.86,1428.6,350.19,1778.79,2025-12-28 08:22:00+00,2025-12-28 08:22:00+00
333,14,29.0,1.5l INDEPENDENCE CASE,5,102.86,514.3,137.65,651.95,2025-12-29 10:28:00+00,2025-12-29 10:28:00+00
334,14,3.0,1L ORANGE CASE,1,282.86,282.86,75.7,358.56,2025-12-29 10:28:00+00,2025-12-29 10:28:00+00
335,14,30.0,1L a Sure water CASE,15,114.29,1714.35,458.82,2173.17,2025-12-29 10:28:00+00,2025-12-29 10:28:00+00
336,14,6.0,200 ML LEMON CASH 30PCS,5,150.0,750.0,200.73,950.73,2025-12-29 10:28:00+00,2025-12-29 10:28:00+00
337,14,17.0,200ML MANGO (30PCS) CASE,5,200.0,1000.0,267.64,1267.64,2025-12-29 10:28:00+00,2025-12-29 10:28:00+00
338,14,1.0,200ML ORANGE CASE,5,150.0,750.0,200.73,950.73,2025-12-29 10:28:00+00,2025-12-29 10:28:00+00
339,14,31.0,200ML PANNER SODA(30PCS) CASE,5,150.0,750.0,200.73,950.73,2025-12-29 10:28:00+00,2025-12-29 10:28:00+00
340,14,4.0,2L ORANGE SINGLE,6,44.29,265.74,71.12,336.86,2025-12-29 10:28:00+00,2025-12-29 10:28:00+00
341,14,7.0,500ML LEMON (24PCS) CASE,2,257.14,514.28,137.64,651.92,2025-12-29 10:28:00+00,2025-12-29 10:28:00+00
342,14,2.0,500ML ORANGE CASE,2,257.14,514.28,137.64,651.92,2025-12-29 10:28:00+00,2025-12-29 10:28:00+00
343,14,15.0,COKE 1L(12PCS) CASE,1,282.86,282.86,75.7,358.56,2025-12-29 10:28:00+00,2025-12-29 10:28:00+00
344,14,13.0,COKE 200ML(30PCS) CASE,5,150.0,750.0,200.73,950.73,2025-12-29 10:28:00+00,2025-12-29 10:28:00+00
345,14,16.0,COKE 2L(9PCS) SINGLE,6,44.29,265.74,71.12,336.86,2025-12-29 10:28:00+00,2025-12-29 10:28:00+00
346,14,14.0,COKE 500ML(24PCS) CASE,2,257.14,514.28,137.64,651.92,2025-12-29 10:28:00+00,2025-12-29 10:28:00+00
347,14,12.0,COKE TIN(24PCS) CASE,3,342.86,1028.58,275.29,1303.87,2025-12-29 10:28:00+00,2025-12-29 10:28:00+00
348,14,34.0,ENERGY GOLD TIN CASE,3,428.57,1285.71,344.1,1629.81,2025-12-29 10:28:00+00,2025-12-29 10:28:00+00
349,14,8.0,LEMON 1L (12 PCS) CASE,1,282.86,282.86,75.7,358.56,2025-12-29 10:28:00+00,2025-12-29 10:28:00+00
350,14,9.0,LEMON 2L (9PCS) SINGLE,5,44.29,221.45,59.27,280.72,2025-12-29 10:28:00+00,2025-12-29 10:28:00+00
351,14,10.0,LEMON TIN(24PCS) CASE,3,342.86,1028.58,275.29,1303.87,2025-12-29 10:28:00+00,2025-12-29 10:28:00+00
352,14,11.0,ORANGE TIN (24PCS) CASE,3,342.86,1028.58,275.29,1303.87,2025-12-29 10:28:00+00,2025-12-29 10:28:00+00
353,14,20.0,POWER UP 200ML (30PCS) CASE,5,150.0,750.0,200.73,950.73,2025-12-29 10:28:00+00,2025-12-29 10:28:00+00
354,14,25.0,SUNCRUSH MANGO(24PCS) CASE,2,365.71,731.42,195.75,927.17,2025-12-29 10:28:00+00,2025-12-29 10:28:00+00
355,14,26.0,SUNCRUSH MIXED FRUIT (24PCS) CASE,2,365.71,731.42,195.75,927.17,2025-12-29 10:28:00+00,2025-12-29 10:28:00+00
356,14,24.0,SUNCRUSH ORANGE 200ML(24PCS) CASE,2,365.71,731.42,195.75,927.17,2025-12-29 10:28:00+00,2025-12-29 10:28:00+00
357,14,32.0,gluco energy cup CASE,5,142.86,714.3,191.17,905.47,2025-12-29 10:28:00+00,2025-12-29 10:28:00+00
358,14,33.0,gluco nimbu paani CASE,5,142.86,714.3,191.17,905.47,2025-12-29 10:28:00+00,2025-12-29 10:28:00+00
359,15,29.0,1.5l INDEPENDENCE CASE,30,102.86,3085.8,337.49,3423.29,2025-12-29 18:46:00+00,2025-12-29 18:46:00+00
360,15,22.0,150ML STRAWBERRY KICK(30PCS) CASE,1,150.0,150.0,16.41,166.41,2025-12-29 18:46:00+00,2025-12-29 18:46:00+00
361,15,30.0,1L a Sure water CASE,10,114.29,1142.9,125.0,1267.9,2025-12-29 18:46:00+00,2025-12-29 18:46:00+00
362,15,6.0,200 ML LEMON CASH 30PCS,1,150.0,150.0,16.41,166.41,2025-12-29 18:46:00+00,2025-12-29 18:46:00+00
363,15,1.0,200ML ORANGE CASE,1,150.0,150.0,16.41,166.41,2025-12-29 18:46:00+00,2025-12-29 18:46:00+00
364,15,31.0,200ML PANNER SODA(30PCS) CASE,1,150.0,150.0,16.41,166.41,2025-12-29 18:46:00+00,2025-12-29 18:46:00+00
365,15,7.0,500ML LEMON (24PCS) CASE,1,257.14,257.14,28.12,285.26,2025-12-29 18:46:00+00,2025-12-29 18:46:00+00
366,15,2.0,500ML ORANGE CASE,1,257.14,257.14,28.12,285.26,2025-12-29 18:46:00+00,2025-12-29 18:46:00+00
367,15,28.0,750ml INDEPENDENCE WATER (15PCS) CASE,30,85.71,2571.3,281.22,2852.52,2025-12-29 18:46:00+00,2025-12-29 18:46:00+00
368,15,13.0,COKE 200ML(30PCS) CASE,1,150.0,150.0,16.41,166.41,2025-12-29 18:46:00+00,2025-12-29 18:46:00+00
369,15,14.0,COKE 500ML(24PCS) CASE,1,257.14,257.14,28.12,285.26,2025-12-29 18:46:00+00,2025-12-29 18:46:00+00
370,15,20.0,POWER UP 200ML (30PCS) CASE,1,150.0,150.0,16.41,166.41,2025-12-29 18:46:00+00,2025-12-29 18:46:00+00
371,15,25.0,SUNCRUSH MANGO(24PCS) CASE,1,365.71,365.71,40.0,405.71,2025-12-29 18:46:00+00,2025-12-29 18:46:00+00
372,15,26.0,SUNCRUSH MIXED FRUIT (24PCS) CASE,1,365.71,365.71,40.0,405.71,2025-12-29 18:46:00+00,2025-12-29 18:46:00+00
373,15,24.0,SUNCRUSH ORANGE 200ML(24PCS) CASE,1,365.71,365.71,40.0,405.71,2025-12-29 18:46:00+00,2025-12-29 18:46:00+00
374,15,32.0,gluco energy cup CASE,1,142.86,142.86,15.62,158.48,2025-12-29 18:46:00+00,2025-12-29 18:46:00+00
375,15,33.0,gluco nimbu paani CASE,1,142.86,142.86,15.62,158.48,2025-12-29 18:46:00+00,2025-12-29 18:46:00+00
376,16,6.0,200 ML LEMON CASH 30PCS,20,132.14,2642.8,784.65,3427.45,2025-12-31 13:52:00+00,2025-12-31 13:52:00+00
377,16,17.0,200ML MANGO (30PCS) CASE,20,176.19,3523.8,1046.22,4570.02,2025-12-31 13:52:00+00,2025-12-31 13:52:00+00
378,16,1.0,200ML ORANGE CASE,20,132.14,2642.8,784.65,3427.45,2025-12-31 13:52:00+00,2025-12-31 13:52:00+00
379,16,31.0,200ML PANNER SODA(30PCS) CASE,15,132.14,1982.1,588.49,2570.59,2025-12-31 13:52:00+00,2025-12-31 13:52:00+00
380,16,28.0,750ml INDEPENDENCE WATER (15PCS) CASE,11,80.95,890.45,264.38,1154.83,2025-12-31 13:52:00+00,2025-12-31 13:52:00+00
381,16,13.0,COKE 200ML(30PCS) CASE,20,132.14,2642.8,784.65,3427.45,2025-12-31 13:52:00+00,2025-12-31 13:52:00+00
382,16,20.0,POWER UP 200ML (30PCS) CASE,5,132.14,660.7,196.16,856.86,2025-12-31 13:52:00+00,2025-12-31 13:52:00+00
383,17,28.0,750ml INDEPENDENCE WATER (15PCS) CASE,40,85.71,3428.4,171.42,3599.82,2025-12-31 14:15:00+00,2025-12-31 14:15:00+00
384,18,6.0,200 ML LEMON CASH 30PCS,22,150.0,3300.0,1024.84,4324.84,2025-12-31 14:23:00+00,2025-12-31 14:23:00+00
385,18,17.0,200ML MANGO (30PCS) CASE,22,200.0,4400.0,1366.45,5766.45,2025-12-31 14:23:00+00,2025-12-31 14:23:00+00
386,18,1.0,200ML ORANGE CASE,21,150.0,3150.0,978.25,4128.25,2025-12-31 14:23:00+00,2025-12-31 14:23:00+00
387,18,31.0,200ML PANNER SODA(30PCS) CASE,21,150.0,3150.0,978.25,4128.25,2025-12-31 14:23:00+00,2025-12-31 14:23:00+00
388,18,13.0,COKE 200ML(30PCS) CASE,21,150.0,3150.0,978.25,4128.25,2025-12-31 14:23:00+00,2025-12-31 14:23:00+00
389,18,20.0,POWER UP 200ML (30PCS) CASE,6,150.0,900.0,279.5,1179.5,2025-12-31 14:23:00+00,2025-12-31 14:23:00+00
390,18,32.0,gluco energy cup CASE,1,142.86,142.86,44.37,187.23,2025-12-31 14:23:00+00,2025-12-31 14:23:00+00
391,18,33.0,gluco nimbu paani CASE,1,142.86,142.86,44.37,187.23,2025-12-31 14:23:00+00,2025-12-31 14:23:00+00
392,19,29.0,1.5l INDEPENDENCE CASE,5,102.86,514.3,140.17,654.47,2026-01-01 11:44:00+00,2026-01-01 11:44:00+00
393,19,3.0,1L ORANGE CASE,1,282.86,282.86,77.09,359.95,2026-01-01 11:44:00+00,2026-01-01 11:44:00+00
394,19,30.0,1L a Sure water CASE,15,114.29,1714.35,467.25,2181.6,2026-01-01 11:44:00+00,2026-01-01 11:44:00+00
395,19,6.0,200 ML LEMON CASH 30PCS,5,150.0,750.0,204.41,954.41,2026-01-01 11:44:00+00,2026-01-01 11:44:00+00
396,19,17.0,200ML MANGO (30PCS) CASE,5,200.0,1000.0,272.55,1272.55,2026-01-01 11:44:00+00,2026-01-01 11:44:00+00
397,19,1.0,200ML ORANGE CASE,5,150.0,750.0,204.41,954.41,2026-01-01 11:44:00+00,2026-01-01 11:44:00+00
398,19,31.0,200ML PANNER SODA(30PCS) CASE,5,150.0,750.0,204.41,954.41,2026-01-01 11:44:00+00,2026-01-01 11:44:00+00
399,19,23.0,250ML ENERGY BERRY KICK(30PCS) CASE,3,271.43,814.29,221.94,1036.23,2026-01-01 11:44:00+00,2026-01-01 11:44:00+00
400,19,4.0,2L ORANGE SINGLE,3,44.29,132.87,36.21,169.08,2026-01-01 11:44:00+00,2026-01-01 11:44:00+00
401,19,7.0,500ML LEMON (24PCS) CASE,2,257.14,514.28,140.17,654.45,2026-01-01 11:44:00+00,2026-01-01 11:44:00+00
402,19,2.0,500ML ORANGE CASE,2,257.14,514.28,140.17,654.45,2026-01-01 11:44:00+00,2026-01-01 11:44:00+00
403,19,15.0,COKE 1L(12PCS) CASE,1,282.86,282.86,77.09,359.95,2026-01-01 11:44:00+00,2026-01-01 11:44:00+00
404,19,13.0,COKE 200ML(30PCS) CASE,5,150.0,750.0,204.41,954.41,2026-01-01 11:44:00+00,2026-01-01 11:44:00+00
405,19,16.0,COKE 2L(9PCS) SINGLE,3,44.29,132.87,36.21,169.08,2026-01-01 11:44:00+00,2026-01-01 11:44:00+00
406,19,14.0,COKE 500ML(24PCS) CASE,2,257.14,514.28,140.17,654.45,2026-01-01 11:44:00+00,2026-01-01 11:44:00+00
407,19,12.0,COKE TIN(24PCS) CASE,3,342.86,1028.58,280.34,1308.92,2026-01-01 11:44:00+00,2026-01-01 11:44:00+00
408,19,34.0,ENERGY GOLD TIN CASE,3,428.57,1285.71,350.42,1636.13,2026-01-01 11:44:00+00,2026-01-01 11:44:00+00
409,19,8.0,LEMON 1L (12 PCS) CASE,1,282.86,282.86,77.09,359.95,2026-01-01 11:44:00+00,2026-01-01 11:44:00+00
410,19,9.0,LEMON 2L (9PCS) SINGLE,2,44.29,88.58,24.14,112.72,2026-01-01 11:44:00+00,2026-01-01 11:44:00+00
411,19,10.0,LEMON TIN(24PCS) CASE,3,342.86,1028.58,280.34,1308.92,2026-01-01 11:44:00+00,2026-01-01 11:44:00+00
412,19,11.0,ORANGE TIN (24PCS) CASE,3,342.86,1028.58,280.34,1308.92,2026-01-01 11:44:00+00,2026-01-01 11:44:00+00
413,19,21.0,POWER UP 1L(12PCS) CASE,1,282.86,282.86,77.09,359.95,2026-01-01 11:44:00+00,2026-01-01 11:44:00+00
414,19,20.0,POWER UP 200ML (30PCS) CASE,5,150.0,750.0,204.41,954.41,2026-01-01 11:44:00+00,2026-01-01 11:44:00+00
415,19,25.0,SUNCRUSH MANGO(24PCS) CASE,2,365.71,731.42,199.35,930.77,2026-01-01 11:44:00+00,2026-01-01 11:44:00+00
416,19,26.0,SUNCRUSH MIXED FRUIT (24PCS) CASE,2,365.71,731.42,199.35,930.77,2026-01-01 11:44:00+00,2026-01-01 11:44:00+00
417,19,24.0,SUNCRUSH ORANGE 200ML(24PCS) CASE,2,365.71,731.42,199.35,930.77,2026-01-01 11:44:00+00,2026-01-01 11:44:00+00
418,19,32.0,gluco energy cup CASE,5,142.86,714.3,194.68,908.98,2026-01-01 11:44:00+00,2026-01-01 11:44:00+00
419,19,33.0,gluco nimbu paani CASE,5,142.86,714.3,194.68,908.98,2026-01-01 11:44:00+00,2026-01-01 11:44:00+00
420,20,29.0,1.5l INDEPENDENCE CASE,5,102.86,514.3,135.92,650.22,2026-01-02 10:42:00+00,2026-01-02 10:42:00+00
421,20,3.0,1L ORANGE CASE,1,282.86,282.86,74.76,357.62,2026-01-02 10:42:00+00,2026-01-02 10:42:00+00
422,20,30.0,1L a Sure water CASE,10,114.29,1142.9,302.05,1444.95,2026-01-02 10:42:00+00,2026-01-02 10:42:00+00
423,20,6.0,200 ML LEMON CASH 30PCS,10,150.0,1500.0,396.43,1896.43,2026-01-02 10:42:00+00,2026-01-02 10:42:00+00
424,20,17.0,200ML MANGO (30PCS) CASE,5,200.0,1000.0,264.29,1264.29,2026-01-02 10:42:00+00,2026-01-02 10:42:00+00
425,20,1.0,200ML ORANGE CASE,10,150.0,1500.0,396.43,1896.43,2026-01-02 10:42:00+00,2026-01-02 10:42:00+00
426,20,31.0,200ML PANNER SODA(30PCS) CASE,5,150.0,750.0,198.22,948.22,2026-01-02 10:42:00+00,2026-01-02 10:42:00+00
427,20,23.0,250ML ENERGY BERRY KICK(30PCS) CASE,3,342.86,1028.58,271.84,1300.42,2026-01-02 10:42:00+00,2026-01-02 10:42:00+00
428,20,4.0,2L ORANGE SINGLE,3,44.29,132.87,35.12,167.99,2026-01-02 10:42:00+00,2026-01-02 10:42:00+00
429,20,7.0,500ML LEMON (24PCS) CASE,2,257.14,514.28,135.92,650.2,2026-01-02 10:42:00+00,2026-01-02 10:42:00+00
430,20,2.0,500ML ORANGE CASE,2,257.14,514.28,135.92,650.2,2026-01-02 10:42:00+00,2026-01-02 10:42:00+00
431,20,28.0,750ml INDEPENDENCE WATER (15PCS) CASE,15,85.71,1285.65,339.78,1625.43,2026-01-02 10:42:00+00,2026-01-02 10:42:00+00
432,20,15.0,COKE 1L(12PCS) CASE,1,282.86,282.86,74.76,357.62,2026-01-02 10:42:00+00,2026-01-02 10:42:00+00
433,20,13.0,COKE 200ML(30PCS) CASE,5,150.0,750.0,198.22,948.22,2026-01-02 10:42:00+00,2026-01-02 10:42:00+00
434,20,16.0,COKE 2L(9PCS) SINGLE,3,44.29,132.87,35.12,167.99,2026-01-02 10:42:00+00,2026-01-02 10:42:00+00
435,20,14.0,COKE 500ML(24PCS) CASE,2,257.14,514.28,135.92,650.2,2026-01-02 10:42:00+00,2026-01-02 10:42:00+00
436,20,12.0,COKE TIN(24PCS) CASE,3,342.86,1028.58,271.84,1300.42,2026-01-02 10:42:00+00,2026-01-02 10:42:00+00
437,20,34.0,ENERGY GOLD TIN CASE,3,428.57,1285.71,339.8,1625.51,2026-01-02 10:42:00+00,2026-01-02 10:42:00+00
438,20,8.0,LEMON 1L (12 PCS) CASE,1,282.86,282.86,74.76,357.62,2026-01-02 10:42:00+00,2026-01-02 10:42:00+00
439,20,9.0,LEMON 2L (9PCS) SINGLE,2,44.29,88.58,23.41,111.99,2026-01-02 10:42:00+00,2026-01-02 10:42:00+00
440,20,10.0,LEMON TIN(24PCS) CASE,3,342.86,1028.58,271.84,1300.42,2026-01-02 10:42:00+00,2026-01-02 10:42:00+00
441,20,11.0,ORANGE TIN (24PCS) CASE,3,342.86,1028.58,271.84,1300.42,2026-01-02 10:42:00+00,2026-01-02 10:42:00+00
442,20,21.0,POWER UP 1L(12PCS) CASE,1,282.86,282.86,74.76,357.62,2026-01-02 10:42:00+00,2026-01-02 10:42:00+00
443,20,20.0,POWER UP 200ML (30PCS) CASE,5,150.0,750.0,198.22,948.22,2026-01-02 10:42:00+00,2026-01-02 10:42:00+00
444,20,25.0,SUNCRUSH MANGO(24PCS) CASE,3,365.71,1097.13,289.96,1387.09,2026-01-02 10:42:00+00,2026-01-02 10:42:00+00
445,20,26.0,SUNCRUSH MIXED FRUIT (24PCS) CASE,3,365.71,1097.13,289.96,1387.09,2026-01-02 10:42:00+00,2026-01-02 10:42:00+00
446,20,24.0,SUNCRUSH ORANGE 200ML(24PCS) CASE,3,365.71,1097.13,289.96,1387.09,2026-01-02 10:42:00+00,2026-01-02 10:42:00+00
447,20,32.0,gluco energy cup CASE,5,142.86,714.3,188.78,903.08,2026-01-02 10:42:00+00,2026-01-02 10:42:00+00
448,20,33.0,gluco nimbu paani CASE,5,142.86,714.3,188.78,903.08,2026-01-02 10:42:00+00,2026-01-02 10:42:00+00
449,21,29.0,1.5l INDEPENDENCE CASE,3,102.86,308.58,88.43,397.01,2026-01-03 10:49:00+00,2026-01-03 10:49:00+00
450,21,3.0,1L ORANGE CASE,1,282.86,282.86,81.05,363.91,2026-01-03 10:49:00+00,2026-01-03 10:49:00+00
451,21,30.0,1L a Sure water CASE,10,114.29,1142.9,327.5,1470.4,2026-01-03 10:49:00+00,2026-01-03 10:49:00+00
452,21,6.0,200 ML LEMON CASH 30PCS,10,150.0,1500.0,429.83,1929.83,2026-01-03 10:49:00+00,2026-01-03 10:49:00+00
453,21,17.0,200ML MANGO (30PCS) CASE,8,200.0,1600.0,458.49,2058.49,2026-01-03 10:49:00+00,2026-01-03 10:49:00+00
454,21,1.0,200ML ORANGE CASE,8,150.0,1200.0,343.87,1543.87,2026-01-03 10:49:00+00,2026-01-03 10:49:00+00
455,21,31.0,200ML PANNER SODA(30PCS) CASE,8,150.0,1200.0,343.87,1543.87,2026-01-03 10:49:00+00,2026-01-03 10:49:00+00
456,21,23.0,250ML ENERGY BERRY KICK(30PCS) CASE,2,342.86,685.72,196.5,882.22,2026-01-03 10:49:00+00,2026-01-03 10:49:00+00
457,21,4.0,2L ORANGE SINGLE,3,44.29,132.87,38.07,170.94,2026-01-03 10:49:00+00,2026-01-03 10:49:00+00
458,21,7.0,500ML LEMON (24PCS) CASE,3,257.14,771.42,221.05,992.47,2026-01-03 10:49:00+00,2026-01-03 10:49:00+00
459,21,2.0,500ML ORANGE CASE,3,257.14,771.42,221.05,992.47,2026-01-03 10:49:00+00,2026-01-03 10:49:00+00
460,21,28.0,750ml INDEPENDENCE WATER (15PCS) CASE,10,85.71,857.1,245.61,1102.71,2026-01-03 10:49:00+00,2026-01-03 10:49:00+00
461,21,15.0,COKE 1L(12PCS) CASE,1,282.86,282.86,81.05,363.91,2026-01-03 10:49:00+00,2026-01-03 10:49:00+00
462,21,13.0,COKE 200ML(30PCS) CASE,6,150.0,900.0,257.9,1157.9,2026-01-03 10:49:00+00,2026-01-03 10:49:00+00
463,21,16.0,COKE 2L(9PCS) SINGLE,2,44.29,88.58,25.38,113.96,2026-01-03 10:49:00+00,2026-01-03 10:49:00+00
464,21,14.0,COKE 500ML(24PCS) CASE,3,257.14,771.42,221.05,992.47,2026-01-03 10:49:00+00,2026-01-03 10:49:00+00
465,21,12.0,COKE TIN(24PCS) CASE,3,342.86,1028.58,294.74,1323.32,2026-01-03 10:49:00+00,2026-01-03 10:49:00+00
466,21,34.0,ENERGY GOLD TIN CASE,3,428.57,1285.71,368.43,1654.14,2026-01-03 10:49:00+00,2026-01-03 10:49:00+00
467,21,8.0,LEMON 1L (12 PCS) CASE,1,282.86,282.86,81.05,363.91,2026-01-03 10:49:00+00,2026-01-03 10:49:00+00
468,21,9.0,LEMON 2L (9PCS) SINGLE,2,44.29,88.58,25.38,113.96,2026-01-03 10:49:00+00,2026-01-03 10:49:00+00
469,21,10.0,LEMON TIN(24PCS) CASE,3,342.86,1028.58,294.74,1323.32,2026-01-03 10:49:00+00,2026-01-03 10:49:00+00
470,21,11.0,ORANGE TIN (24PCS) CASE,3,342.86,1028.58,294.74,1323.32,2026-01-03 10:49:00+00,2026-01-03 10:49:00+00
471,21,21.0,POWER UP 1L(12PCS) CASE,1,282.86,282.86,81.05,363.91,2026-01-03 10:49:00+00,2026-01-03 10:49:00+00
472,21,20.0,POWER UP 200ML (30PCS) CASE,6,150.0,900.0,257.9,1157.9,2026-01-03 10:49:00+00,2026-01-03 10:49:00+00
473,21,25.0,SUNCRUSH MANGO(24PCS) CASE,2,365.71,731.42,209.59,941.01,2026-01-03 10:49:00+00,2026-01-03 10:49:00+00
474,21,26.0,SUNCRUSH MIXED FRUIT (24PCS) CASE,2,365.71,731.42,209.59,941.01,2026-01-03 10:49:00+00,2026-01-03 10:49:00+00
475,21,24.0,SUNCRUSH ORANGE 200ML(24PCS) CASE,2,365.71,731.42,209.59,941.01,2026-01-03 10:49:00+00,2026-01-03 10:49:00+00
476,21,32.0,gluco energy cup CASE,3,142.86,428.58,122.81,551.39,2026-01-03 10:49:00+00,2026-01-03 10:49:00+00
477,21,33.0,gluco nimbu paani CASE,3,142.86,428.58,122.81,551.39,2026-01-03 10:49:00+00,2026-01-03 10:49:00+00
478,22,6.0,200 ML LEMON CASH 30PCS,15,135.71,2035.65,697.09,2732.74,2026-01-03 11:18:00+00,2026-01-03 11:18:00+00
479,22,1.0,200ML ORANGE CASE,15,135.71,2035.65,697.09,2732.74,2026-01-03 11:18:00+00,2026-01-03 11:18:00+00
480,22,31.0,200ML PANNER SODA(30PCS) CASE,15,132.14,1982.1,678.76,2660.86,2026-01-03 11:18:00+00,2026-01-03 11:18:00+00
481,22,7.0,500ML LEMON (24PCS) CASE,1,242.86,242.86,83.17,326.03,2026-01-03 11:18:00+00,2026-01-03 11:18:00+00
482,22,2.0,500ML ORANGE CASE,1,242.86,242.86,83.17,326.03,2026-01-03 11:18:00+00,2026-01-03 11:18:00+00
483,22,27.0,CHOCO MILKSHAKE(30PCS) SINGLE,60,22.86,1371.6,469.69,1841.29,2026-01-03 11:18:00+00,2026-01-03 11:18:00+00
484,22,13.0,COKE 200ML(30PCS) CASE,15,135.71,2035.65,697.09,2732.74,2026-01-03 11:18:00+00,2026-01-03 11:18:00+00
485,22,14.0,COKE 500ML(24PCS) CASE,1,242.86,242.86,83.17,326.03,2026-01-03 11:18:00+00,2026-01-03 11:18:00+00
486,22,34.0,ENERGY GOLD TIN CASE,2,411.43,822.86,281.78,1104.64,2026-01-03 11:18:00+00,2026-01-03 11:18:00+00
487,22,32.0,gluco energy cup CASE,3,131.43,394.29,135.02,529.31,2026-01-03 11:18:00+00,2026-01-03 11:18:00+00
488,22,33.0,gluco nimbu paani CASE,1,131.43,131.43,45.01,176.44,2026-01-03 11:18:00+00,2026-01-03 11:18:00+00
489,23,6.0,200 ML LEMON CASH 30PCS,11,135.71,1492.81,455.32,1948.13,2026-01-03 11:21:00+00,2026-01-03 11:21:00+00
490,23,1.0,200ML ORANGE CASE,4,135.71,542.84,165.57,708.41,2026-01-03 11:21:00+00,2026-01-03 11:21:00+00
491,23,13.0,COKE 200ML(30PCS) CASE,11,135.71,1492.81,455.32,1948.13,2026-01-03 11:21:00+00,2026-01-03 11:21:00+00
492,23,32.0,gluco energy cup CASE,5,131.43,657.15,200.44,857.59,2026-01-03 11:21:00+00,2026-01-03 11:21:00+00
493,23,33.0,gluco nimbu paani CASE,5,131.43,657.15,200.44,857.59,2026-01-03 11:21:00+00,2026-01-03 11:21:00+00
494,24,29.0,1.5l INDEPENDENCE CASE,5,102.86,514.3,143.13,657.43,2026-01-05 10:28:00+00,2026-01-05 10:28:00+00
495,24,3.0,1L ORANGE SINGLE,14,23.57,329.98,91.83,421.81,2026-01-05 10:28:00+00,2026-01-05 10:28:00+00
496,24,30.0,1L a Sure water CASE,10,114.29,1142.9,318.06,1460.96,2026-01-05 10:28:00+00,2026-01-05 10:28:00+00
497,24,6.0,200 ML LEMON CASH 30PCS,7,150.0,1050.0,292.21,1342.21,2026-01-05 10:28:00+00,2026-01-05 10:28:00+00
498,24,17.0,200ML MANGO (30PCS) CASE,5,200.0,1000.0,278.29,1278.29,2026-01-05 10:28:00+00,2026-01-05 10:28:00+00
499,24,1.0,200ML ORANGE CASE,7,150.0,1050.0,292.21,1342.21,2026-01-05 10:28:00+00,2026-01-05 10:28:00+00
500,24,31.0,200ML PANNER SODA(30PCS) CASE,5,150.0,750.0,208.72,958.72,2026-01-05 10:28:00+00,2026-01-05 10:28:00+00
501,24,23.0,250ML ENERGY BERRY KICK(30PCS) CASE,5,342.86,1714.3,477.08,2191.38,2026-01-05 10:28:00+00,2026-01-05 10:28:00+00
502,24,4.0,2L ORANGE SINGLE,2,44.29,88.58,24.65,113.23,2026-01-05 10:28:00+00,2026-01-05 10:28:00+00
503,24,7.0,500ML LEMON (24PCS) CASE,3,257.14,771.42,214.68,986.1,2026-01-05 10:28:00+00,2026-01-05 10:28:00+00
504,24,2.0,500ML ORANGE CASE,3,257.14,771.42,214.68,986.1,2026-01-05 10:28:00+00,2026-01-05 10:28:00+00
505,24,28.0,750ml INDEPENDENCE WATER (15PCS) CASE,15,85.71,1285.65,357.79,1643.44,2026-01-05 10:28:00+00,2026-01-05 10:28:00+00
506,24,15.0,COKE 1L(12PCS) CASE,1,282.86,282.86,78.72,361.58,2026-01-05 10:28:00+00,2026-01-05 10:28:00+00
507,24,13.0,COKE 200ML(30PCS) CASE,5,150.0,750.0,208.72,958.72,2026-01-05 10:28:00+00,2026-01-05 10:28:00+00
508,24,16.0,COKE 2L(9PCS) SINGLE,3,44.29,132.87,36.98,169.85,2026-01-05 10:28:00+00,2026-01-05 10:28:00+00
509,24,14.0,COKE 500ML(24PCS) CASE,3,257.14,771.42,214.68,986.1,2026-01-05 10:28:00+00,2026-01-05 10:28:00+00
510,24,12.0,COKE TIN(24PCS) CASE,3,342.86,1028.58,286.25,1314.83,2026-01-05 10:28:00+00,2026-01-05 10:28:00+00
511,24,34.0,ENERGY GOLD TIN CASE,3,428.57,1285.71,357.8,1643.51,2026-01-05 10:28:00+00,2026-01-05 10:28:00+00
512,24,8.0,LEMON 1L (12 PCS) SINGLE,14,23.57,329.98,91.83,421.81,2026-01-05 10:28:00+00,2026-01-05 10:28:00+00
513,24,9.0,LEMON 2L (9PCS) SINGLE,2,44.29,88.58,24.65,113.23,2026-01-05 10:28:00+00,2026-01-05 10:28:00+00
514,24,10.0,LEMON TIN(24PCS) CASE,3,342.86,1028.58,286.25,1314.83,2026-01-05 10:28:00+00,2026-01-05 10:28:00+00
515,24,11.0,ORANGE TIN (24PCS) CASE,3,342.86,1028.58,286.25,1314.83,2026-01-05 10:28:00+00,2026-01-05 10:28:00+00
516,24,21.0,POWER UP 1L(12PCS) SINGLE,8,23.57,188.56,52.47,241.03,2026-01-05 10:28:00+00,2026-01-05 10:28:00+00
517,24,20.0,POWER UP 200ML (30PCS) CASE,5,150.0,750.0,208.72,958.72,2026-01-05 10:28:00+00,2026-01-05 10:28:00+00
518,24,25.0,SUNCRUSH MANGO(24PCS) CASE,2,365.71,731.42,203.55,934.97,2026-01-05 10:28:00+00,2026-01-05 10:28:00+00
519,24,26.0,SUNCRUSH MIXED FRUIT (24PCS) CASE,2,365.71,731.42,203.55,934.97,2026-01-05 10:28:00+00,2026-01-05 10:28:00+00
520,24,24.0,SUNCRUSH ORANGE 200ML(24PCS) CASE,2,365.71,731.42,203.55,934.97,2026-01-05 10:28:00+00,2026-01-05 10:28:00+00
521,24,32.0,gluco energy cup CASE,5,142.86,714.3,198.78,913.08,2026-01-05 10:28:00+00,2026-01-05 10:28:00+00
522,24,33.0,gluco nimbu paani CASE,5,142.86,714.3,198.78,913.08,2026-01-05 10:28:00+00,2026-01-05 10:28:00+00
523,25,29.0,1.5l INDEPENDENCE CASE,5,102.86,514.3,144.8,659.1,2026-01-06 10:49:00+00,2026-01-06 10:49:00+00
524,25,3.0,1L ORANGE CASE,1,282.86,282.86,79.64,362.5,2026-01-06 10:49:00+00,2026-01-06 10:49:00+00
525,25,30.0,1L a Sure water CASE,10,114.29,1142.9,321.78,1464.68,2026-01-06 10:49:00+00,2026-01-06 10:49:00+00
526,25,6.0,200 ML LEMON CASH 30PCS,10,150.0,1500.0,422.32,1922.32,2026-01-06 10:49:00+00,2026-01-06 10:49:00+00
527,25,17.0,200ML MANGO (30PCS) CASE,10,200.0,2000.0,563.09,2563.09,2026-01-06 10:49:00+00,2026-01-06 10:49:00+00
528,25,1.0,200ML ORANGE CASE,10,150.0,1500.0,422.32,1922.32,2026-01-06 10:49:00+00,2026-01-06 10:49:00+00
529,25,31.0,200ML PANNER SODA(30PCS) CASE,9,150.0,1350.0,380.08,1730.08,2026-01-06 10:49:00+00,2026-01-06 10:49:00+00
530,25,23.0,250ML ENERGY BERRY KICK(30PCS) CASE,3,342.86,1028.58,289.59,1318.17,2026-01-06 10:49:00+00,2026-01-06 10:49:00+00
531,25,4.0,2L ORANGE SINGLE,2,44.29,88.58,24.94,113.52,2026-01-06 10:49:00+00,2026-01-06 10:49:00+00
532,25,7.0,500ML LEMON (24PCS) CASE,3,257.14,771.42,217.19,988.61,2026-01-06 10:49:00+00,2026-01-06 10:49:00+00
533,25,2.0,500ML ORANGE CASE,3,257.14,771.42,217.19,988.61,2026-01-06 10:49:00+00,2026-01-06 10:49:00+00
534,25,28.0,750ml INDEPENDENCE WATER (15PCS) CASE,10,85.71,857.1,241.31,1098.41,2026-01-06 10:49:00+00,2026-01-06 10:49:00+00
535,25,15.0,COKE 1L(12PCS) CASE,1,282.86,282.86,79.64,362.5,2026-01-06 10:49:00+00,2026-01-06 10:49:00+00
536,25,13.0,COKE 200ML(30PCS) CASE,9,150.0,1350.0,380.08,1730.08,2026-01-06 10:49:00+00,2026-01-06 10:49:00+00
537,25,16.0,COKE 2L(9PCS) SINGLE,3,44.29,132.87,37.41,170.28,2026-01-06 10:49:00+00,2026-01-06 10:49:00+00
538,25,14.0,COKE 500ML(24PCS) CASE,3,257.14,771.42,217.19,988.61,2026-01-06 10:49:00+00,2026-01-06 10:49:00+00
539,25,12.0,COKE TIN(24PCS) CASE,3,342.86,1028.58,289.59,1318.17,2026-01-06 10:49:00+00,2026-01-06 10:49:00+00
540,25,34.0,ENERGY GOLD TIN CASE,3,428.57,1285.71,361.98,1647.69,2026-01-06 10:49:00+00,2026-01-06 10:49:00+00
541,25,8.0,LEMON 1L (12 PCS) CASE,1,282.86,282.86,79.64,362.5,2026-01-06 10:49:00+00,2026-01-06 10:49:00+00
542,25,9.0,LEMON 2L (9PCS) SINGLE,2,44.29,88.58,24.94,113.52,2026-01-06 10:49:00+00,2026-01-06 10:49:00+00
543,25,10.0,LEMON TIN(24PCS) CASE,3,342.86,1028.58,289.59,1318.17,2026-01-06 10:49:00+00,2026-01-06 10:49:00+00
544,25,11.0,ORANGE TIN (24PCS) CASE,3,342.86,1028.58,289.59,1318.17,2026-01-06 10:49:00+00,2026-01-06 10:49:00+00
545,25,21.0,POWER UP 1L(12PCS) CASE,1,282.86,282.86,79.64,362.5,2026-01-06 10:49:00+00,2026-01-06 10:49:00+00
546,25,20.0,POWER UP 200ML (30PCS) CASE,7,150.0,1050.0,295.62,1345.62,2026-01-06 10:49:00+00,2026-01-06 10:49:00+00
547,25,25.0,SUNCRUSH MANGO(24PCS) CASE,2,365.71,731.42,205.93,937.35,2026-01-06 10:49:00+00,2026-01-06 10:49:00+00
548,25,26.0,SUNCRUSH MIXED FRUIT (24PCS) CASE,2,365.71,731.42,205.93,937.35,2026-01-06 10:49:00+00,2026-01-06 10:49:00+00
549,25,24.0,SUNCRUSH ORANGE 200ML(24PCS) CASE,2,365.71,731.42,205.93,937.35,2026-01-06 10:49:00+00,2026-01-06 10:49:00+00
550,25,32.0,gluco energy cup CASE,5,142.86,714.3,201.11,915.41,2026-01-06 10:49:00+00,2026-01-06 10:49:00+00
551,25,33.0,gluco nimbu paani CASE,5,142.86,714.3,201.11,915.41,2026-01-06 10:49:00+00,2026-01-06 10:49:00+00
552,26,29.0,1.5l INDEPENDENCE CASE,5,102.86,514.3,139.2,653.5,2026-01-07 10:30:00+00,2026-01-07 10:30:00+00
553,26,3.0,1L ORANGE CASE,1,282.86,282.86,76.56,359.42,2026-01-07 10:30:00+00,2026-01-07 10:30:00+00
554,26,30.0,1L a Sure water CASE,10,114.29,1142.9,309.34,1452.24,2026-01-07 10:30:00+00,2026-01-07 10:30:00+00
555,26,6.0,200 ML LEMON CASH 30PCS,7,150.0,1050.0,284.2,1334.2,2026-01-07 10:30:00+00,2026-01-07 10:30:00+00
556,26,17.0,200ML MANGO (30PCS) CASE,5,200.0,1000.0,270.66,1270.66,2026-01-07 10:30:00+00,2026-01-07 10:30:00+00
557,26,1.0,200ML ORANGE CASE,5,150.0,750.0,203.0,953.0,2026-01-07 10:30:00+00,2026-01-07 10:30:00+00
558,26,31.0,200ML PANNER SODA(30PCS) CASE,5,150.0,750.0,203.0,953.0,2026-01-07 10:30:00+00,2026-01-07 10:30:00+00
559,26,4.0,2L ORANGE SINGLE,4,44.29,177.16,47.95,225.11,2026-01-07 10:30:00+00,2026-01-07 10:30:00+00
560,26,7.0,500ML LEMON (24PCS) CASE,3,257.14,771.42,208.8,980.22,2026-01-07 10:30:00+00,2026-01-07 10:30:00+00
561,26,2.0,500ML ORANGE CASE,3,257.14,771.42,208.8,980.22,2026-01-07 10:30:00+00,2026-01-07 10:30:00+00
562,26,28.0,750ml INDEPENDENCE WATER (15PCS) CASE,10,85.71,857.1,231.99,1089.09,2026-01-07 10:30:00+00,2026-01-07 10:30:00+00
563,26,15.0,COKE 1L(12PCS) CASE,1,282.86,282.86,76.56,359.42,2026-01-07 10:30:00+00,2026-01-07 10:30:00+00
564,26,13.0,COKE 200ML(30PCS) CASE,5,150.0,750.0,203.0,953.0,2026-01-07 10:30:00+00,2026-01-07 10:30:00+00
565,26,16.0,COKE 2L(9PCS) SINGLE,3,44.29,132.87,35.96,168.83,2026-01-07 10:30:00+00,2026-01-07 10:30:00+00
566,26,14.0,COKE 500ML(24PCS) CASE,3,257.14,771.42,208.8,980.22,2026-01-07 10:30:00+00,2026-01-07 10:30:00+00
567,26,12.0,COKE TIN(24PCS) CASE,3,342.86,1028.58,278.4,1306.98,2026-01-07 10:30:00+00,2026-01-07 10:30:00+00
568,26,34.0,ENERGY GOLD TIN CASE,3,428.57,1285.71,348.0,1633.71,2026-01-07 10:30:00+00,2026-01-07 10:30:00+00
569,26,8.0,LEMON 1L (12 PCS) CASE,1,282.86,282.86,76.56,359.42,2026-01-07 10:30:00+00,2026-01-07 10:30:00+00
570,26,10.0,LEMON TIN(24PCS) CASE,3,342.86,1028.58,278.4,1306.98,2026-01-07 10:30:00+00,2026-01-07 10:30:00+00
571,26,11.0,ORANGE TIN (24PCS) CASE,3,342.86,1028.58,278.4,1306.98,2026-01-07 10:30:00+00,2026-01-07 10:30:00+00
572,26,21.0,POWER UP 1L(12PCS) CASE,1,282.86,282.86,76.56,359.42,2026-01-07 10:30:00+00,2026-01-07 10:30:00+00
573,26,20.0,POWER UP 200ML (30PCS) CASE,5,150.0,750.0,203.0,953.0,2026-01-07 10:30:00+00,2026-01-07 10:30:00+00
574,26,25.0,SUNCRUSH MANGO(24PCS) CASE,2,365.71,731.42,197.97,929.39,2026-01-07 10:30:00+00,2026-01-07 10:30:00+00
575,26,26.0,SUNCRUSH MIXED FRUIT (24PCS) CASE,2,365.71,731.42,197.97,929.39,2026-01-07 10:30:00+00,2026-01-07 10:30:00+00
576,26,24.0,SUNCRUSH ORANGE 200ML(24PCS) CASE,2,365.71,731.42,197.97,929.39,2026-01-07 10:30:00+00,2026-01-07 10:30:00+00
577,26,32.0,gluco energy cup CASE,5,142.86,714.3,193.34,907.64,2026-01-07 10:30:00+00,2026-01-07 10:30:00+00
578,26,33.0,gluco nimbu paani CASE,5,142.86,714.3,193.34,907.64,2026-01-07 10:30:00+00,2026-01-07 10:30:00+00
579,27,30.0,1L a Sure water CASE,20,85.71,1714.2,510.12,2224.32,2026-01-07 20:11:00+00,2026-01-07 20:11:00+00
580,27,6.0,200 ML LEMON CASH 30PCS,30,135.71,4071.3,1211.55,5282.85,2026-01-07 20:11:00+00,2026-01-07 20:11:00+00
581,27,17.0,200ML MANGO (30PCS) CASE,20,180.95,3619.0,1076.95,4695.95,2026-01-07 20:11:00+00,2026-01-07 20:11:00+00
582,27,1.0,200ML ORANGE CASE,25,135.71,3392.75,1009.62,4402.37,2026-01-07 20:11:00+00,2026-01-07 20:11:00+00
583,27,31.0,200ML PANNER SODA(30PCS) CASE,20,135.71,2714.2,807.7,3521.9,2026-01-07 20:11:00+00,2026-01-07 20:11:00+00
584,27,13.0,COKE 200ML(30PCS) CASE,20,135.71,2714.2,807.7,3521.9,2026-01-07 20:11:00+00,2026-01-07 20:11:00+00
585,28,29.0,1.5l INDEPENDENCE CASE,8,102.86,822.88,198.36,1021.24,2026-01-09 10:55:00+00,2026-01-09 10:55:00+00
586,28,30.0,1L a Sure water CASE,4,114.29,457.16,110.2,567.36,2026-01-09 10:55:00+00,2026-01-09 10:55:00+00
587,28,6.0,200 ML LEMON CASH 30PCS,10,150.0,1500.0,361.59,1861.59,2026-01-09 10:55:00+00,2026-01-09 10:55:00+00
588,28,17.0,200ML MANGO (30PCS) CASE,6,200.0,1200.0,289.27,1489.27,2026-01-09 10:55:00+00,2026-01-09 10:55:00+00
589,28,1.0,200ML ORANGE CASE,2,150.0,300.0,72.32,372.32,2026-01-09 10:55:00+00,2026-01-09 10:55:00+00
590,28,31.0,200ML PANNER SODA(30PCS) CASE,4,150.0,600.0,144.63,744.63,2026-01-09 10:55:00+00,2026-01-09 10:55:00+00
591,28,4.0,2L ORANGE SINGLE,1,44.29,44.29,10.68,54.97,2026-01-09 10:55:00+00,2026-01-09 10:55:00+00
592,28,7.0,500ML LEMON (24PCS) SINGLE,16,10.71,171.36,41.31,212.67,2026-01-09 10:55:00+00,2026-01-09 10:55:00+00
593,28,2.0,500ML ORANGE SINGLE,16,10.71,171.36,41.31,212.67,2026-01-09 10:55:00+00,2026-01-09 10:55:00+00
594,28,28.0,750ml INDEPENDENCE WATER (15PCS) CASE,10,85.71,857.1,206.61,1063.71,2026-01-09 10:55:00+00,2026-01-09 10:55:00+00
595,28,13.0,COKE 200ML(30PCS) CASE,4,150.0,600.0,144.63,744.63,2026-01-09 10:55:00+00,2026-01-09 10:55:00+00
596,28,16.0,COKE 2L(9PCS) SINGLE,1,44.29,44.29,10.68,54.97,2026-01-09 10:55:00+00,2026-01-09 10:55:00+00
597,28,14.0,COKE 500ML(24PCS) SINGLE,16,10.71,171.36,41.31,212.67,2026-01-09 10:55:00+00,2026-01-09 10:55:00+00
598,28,12.0,COKE TIN(24PCS) SINGLE,6,14.29,85.74,20.67,106.41,2026-01-09 10:55:00+00,2026-01-09 10:55:00+00
599,28,34.0,ENERGY GOLD TIN SINGLE,6,17.86,107.16,25.83,132.99,2026-01-09 10:55:00+00,2026-01-09 10:55:00+00
600,28,9.0,LEMON 2L (9PCS) SINGLE,1,44.29,44.29,10.68,54.97,2026-01-09 10:55:00+00,2026-01-09 10:55:00+00
601,28,10.0,LEMON TIN(24PCS) SINGLE,6,14.29,85.74,20.67,106.41,2026-01-09 10:55:00+00,2026-01-09 10:55:00+00
602,28,11.0,ORANGE TIN (24PCS) SINGLE,6,14.29,85.74,20.67,106.41,2026-01-09 10:55:00+00,2026-01-09 10:55:00+00
603,29,29.0,1.5l INDEPENDENCE CASE,10,85.71,857.1,165.81,1022.91,2026-01-10 10:14:00+00,2026-01-10 10:14:00+00
604,29,29.0,1.5l INDEPENDENCE CASE,2,102.86,205.72,39.8,245.52,2026-01-10 10:14:00+00,2026-01-10 10:14:00+00
605,29,30.0,1L a Sure water CASE,1,114.29,114.29,22.11,136.4,2026-01-10 10:14:00+00,2026-01-10 10:14:00+00
606,29,6.0,200 ML LEMON CASH 30PCS,1,142.86,142.86,27.64,170.5,2026-01-10 10:14:00+00,2026-01-10 10:14:00+00
607,29,6.0,200 ML LEMON CASH 30PCS,5,150.0,750.0,145.09,895.09,2026-01-10 10:14:00+00,2026-01-10 10:14:00+00
608,29,6.0,200 ML LEMON SINGLE PCS,10,5.0,50.0,9.67,59.67,2026-01-10 10:14:00+00,2026-01-10 10:14:00+00
609,29,17.0,200ML MANGO (30PCS) CASE,2,200.0,400.0,77.38,477.38,2026-01-10 10:14:00+00,2026-01-10 10:14:00+00
610,29,17.0,200ML MANGO (30PCS) SINGLE,10,6.67,66.7,12.9,79.6,2026-01-10 10:14:00+00,2026-01-10 10:14:00+00
611,29,1.0,200ML ORANGE CASE,3,150.0,450.0,87.05,537.05,2026-01-10 10:14:00+00,2026-01-10 10:14:00+00
612,29,1.0,200ML ORANGE SINGLE PCS,10,5.0,50.0,9.67,59.67,2026-01-10 10:14:00+00,2026-01-10 10:14:00+00
613,29,31.0,200ML PANNER SODA(30PCS) CASE,5,150.0,750.0,145.09,895.09,2026-01-10 10:14:00+00,2026-01-10 10:14:00+00
614,29,7.0,500ML LEMON (24PCS) SINGLE,16,10.71,171.36,33.15,204.51,2026-01-10 10:14:00+00,2026-01-10 10:14:00+00
615,29,2.0,500ML ORANGE SINGLE,16,10.71,171.36,33.15,204.51,2026-01-10 10:14:00+00,2026-01-10 10:14:00+00
616,29,28.0,750ml INDEPENDENCE WATER (15PCS) CASE,28,85.71,2399.88,464.27,2864.15,2026-01-10 10:14:00+00,2026-01-10 10:14:00+00
617,29,13.0,COKE 200ML(30PCS) CASE,2,150.0,300.0,58.04,358.04,2026-01-10 10:14:00+00,2026-01-10 10:14:00+00
618,29,14.0,COKE 500ML(24PCS) SINGLE,16,10.71,171.36,33.15,204.51,2026-01-10 10:14:00+00,2026-01-10 10:14:00+00
619,29,32.0,gluco energy cup SINGLE,12,5.95,71.4,13.81,85.21,2026-01-10 10:14:00+00,2026-01-10 10:14:00+00
620,29,33.0,gluco nimbu paani CASE,1,142.86,142.86,27.64,170.5,2026-01-10 10:14:00+00,2026-01-10 10:14:00+00
621,29,33.0,gluco nimbu paani SINGLE,12,5.95,71.4,13.81,85.21,2026-01-10 10:14:00+00,2026-01-10 10:14:00+00
622,30,29.0,1.5l INDEPENDENCE CASE,5,102.86,514.3,130.14,644.44,2026-01-12 11:14:00+00,2026-01-12 11:14:00+00
623,30,3.0,1L ORANGE CASE,1,282.86,282.86,71.58,354.44,2026-01-12 11:14:00+00,2026-01-12 11:14:00+00
624,30,30.0,1L a Sure water CASE,10,114.29,1142.9,289.2,1432.1,2026-01-12 11:14:00+00,2026-01-12 11:14:00+00
625,30,6.0,200 ML LEMON CASH 30PCS,10,150.0,1500.0,379.57,1879.57,2026-01-12 11:14:00+00,2026-01-12 11:14:00+00
626,30,17.0,200ML MANGO (30PCS) CASE,10,200.0,2000.0,506.09,2506.09,2026-01-12 11:14:00+00,2026-01-12 11:14:00+00
627,30,1.0,200ML ORANGE CASE,7,150.0,1050.0,265.7,1315.7,2026-01-12 11:14:00+00,2026-01-12 11:14:00+00
628,30,31.0,200ML PANNER SODA(30PCS) CASE,8,150.0,1200.0,303.65,1503.65,2026-01-12 11:14:00+00,2026-01-12 11:14:00+00
629,30,4.0,2L ORANGE SINGLE,3,44.29,132.87,33.62,166.49,2026-01-12 11:14:00+00,2026-01-12 11:14:00+00
630,30,7.0,500ML LEMON (24PCS) CASE,6,257.14,1542.84,390.41,1933.25,2026-01-12 11:14:00+00,2026-01-12 11:14:00+00
631,30,2.0,500ML ORANGE CASE,5,257.14,1285.7,325.34,1611.04,2026-01-12 11:14:00+00,2026-01-12 11:14:00+00
632,30,28.0,750ml INDEPENDENCE WATER (15PCS) CASE,25,85.71,2142.75,542.21,2684.96,2026-01-12 11:14:00+00,2026-01-12 11:14:00+00
633,30,15.0,COKE 1L(12PCS) CASE,1,282.86,282.86,71.58,354.44,2026-01-12 11:14:00+00,2026-01-12 11:14:00+00
634,30,13.0,COKE 200ML(30PCS) CASE,10,150.0,1500.0,379.57,1879.57,2026-01-12 11:14:00+00,2026-01-12 11:14:00+00
635,30,16.0,COKE 2L(9PCS) SINGLE,3,44.29,132.87,33.62,166.49,2026-01-12 11:14:00+00,2026-01-12 11:14:00+00
636,30,14.0,COKE 500ML(24PCS) CASE,5,257.14,1285.7,325.34,1611.04,2026-01-12 11:14:00+00,2026-01-12 11:14:00+00
637,30,12.0,COKE TIN(24PCS) CASE,2,342.86,685.72,173.52,859.24,2026-01-12 11:14:00+00,2026-01-12 11:14:00+00
638,30,34.0,ENERGY GOLD TIN CASE,2,428.57,857.14,216.89,1074.03,2026-01-12 11:14:00+00,2026-01-12 11:14:00+00
639,30,8.0,LEMON 1L (12 PCS) CASE,1,282.86,282.86,71.58,354.44,2026-01-12 11:14:00+00,2026-01-12 11:14:00+00
640,30,9.0,LEMON 2L (9PCS) SINGLE,3,44.29,132.87,33.62,166.49,2026-01-12 11:14:00+00,2026-01-12 11:14:00+00
641,30,10.0,LEMON TIN(24PCS) CASE,2,342.86,685.72,173.52,859.24,2026-01-12 11:14:00+00,2026-01-12 11:14:00+00
642,30,11.0,ORANGE TIN (24PCS) CASE,2,342.86,685.72,173.52,859.24,2026-01-12 11:14:00+00,2026-01-12 11:14:00+00
643,30,21.0,POWER UP 1L(12PCS) CASE,1,282.86,282.86,71.58,354.44,2026-01-12 11:14:00+00,2026-01-12 11:14:00+00
644,30,25.0,SUNCRUSH MANGO(24PCS) CASE,2,365.71,731.42,185.08,916.5,2026-01-12 11:14:00+00,2026-01-12 11:14:00+00
645,30,26.0,SUNCRUSH MIXED FRUIT (24PCS) CASE,2,365.71,731.42,185.08,916.5,2026-01-12 11:14:00+00,2026-01-12 11:14:00+00
646,30,24.0,SUNCRUSH ORANGE 200ML(24PCS) CASE,2,365.71,731.42,185.08,916.5,2026-01-12 11:14:00+00,2026-01-12 11:14:00+00
647,30,32.0,gluco energy cup CASE,7,142.86,1000.02,253.05,1253.07,2026-01-12 11:14:00+00,2026-01-12 11:14:00+00
648,30,33.0,gluco nimbu paani CASE,7,142.86,1000.02,253.05,1253.07,2026-01-12 11:14:00+00,2026-01-12 11:14:00+00
649,31,29.0,1.5l INDEPENDENCE CASE,6,102.86,617.16,171.48,788.64,2026-01-13 11:01:00+00,2026-01-13 11:01:00+00
650,31,30.0,1L a Sure water CASE,2,114.29,228.58,63.51,292.09,2026-01-13 11:01:00+00,2026-01-13 11:01:00+00
651,31,6.0,200 ML LEMON CASH 30PCS,7,150.0,1050.0,291.74,1341.74,2026-01-13 11:01:00+00,2026-01-13 11:01:00+00
652,31,17.0,200ML MANGO (30PCS) CASE,10,200.0,2000.0,555.7,2555.7,2026-01-13 11:01:00+00,2026-01-13 11:01:00+00
653,31,1.0,200ML ORANGE CASE,6,150.0,900.0,250.06,1150.06,2026-01-13 11:01:00+00,2026-01-13 11:01:00+00
654,31,31.0,200ML PANNER SODA(30PCS) CASE,7,150.0,1050.0,291.74,1341.74,2026-01-13 11:01:00+00,2026-01-13 11:01:00+00
655,31,23.0,250ML ENERGY BERRY KICK(30PCS) CASE,6,342.86,2057.16,571.58,2628.74,2026-01-13 11:01:00+00,2026-01-13 11:01:00+00
656,31,4.0,2L ORANGE SINGLE,3,44.29,132.87,36.92,169.79,2026-01-13 11:01:00+00,2026-01-13 11:01:00+00
657,31,7.0,500ML LEMON (24PCS) CASE,2,257.14,514.28,142.89,657.17,2026-01-13 11:01:00+00,2026-01-13 11:01:00+00
658,31,7.0,500ML LEMON (24PCS) SINGLE,57,10.71,610.47,169.62,780.09,2026-01-13 11:01:00+00,2026-01-13 11:01:00+00
659,31,2.0,500ML ORANGE CASE,2,257.14,514.28,142.89,657.17,2026-01-13 11:01:00+00,2026-01-13 11:01:00+00
660,31,2.0,500ML ORANGE SINGLE,45,10.71,481.95,133.91,615.86,2026-01-13 11:01:00+00,2026-01-13 11:01:00+00
661,31,28.0,750ml INDEPENDENCE WATER (15PCS) CASE,20,85.71,1714.2,476.29,2190.49,2026-01-13 11:01:00+00,2026-01-13 11:01:00+00
662,31,13.0,COKE 200ML(30PCS) CASE,8,150.0,1200.0,333.42,1533.42,2026-01-13 11:01:00+00,2026-01-13 11:01:00+00
663,31,16.0,COKE 2L(9PCS) SINGLE,3,44.29,132.87,36.92,169.79,2026-01-13 11:01:00+00,2026-01-13 11:01:00+00
664,31,14.0,COKE 500ML(24PCS) CASE,2,257.14,514.28,142.89,657.17,2026-01-13 11:01:00+00,2026-01-13 11:01:00+00
665,31,14.0,COKE 500ML(24PCS) SINGLE,39,10.71,417.69,116.05,533.74,2026-01-13 11:01:00+00,2026-01-13 11:01:00+00
666,31,12.0,COKE TIN(24PCS) CASE,1,342.86,342.86,95.26,438.12,2026-01-13 11:01:00+00,2026-01-13 11:01:00+00
667,31,12.0,COKE TIN(24PCS) SINGLE,3,14.29,42.87,11.91,54.78,2026-01-13 11:01:00+00,2026-01-13 11:01:00+00
668,31,34.0,ENERGY GOLD TIN SINGLE,3,17.86,53.58,14.89,68.47,2026-01-13 11:01:00+00,2026-01-13 11:01:00+00
669,31,9.0,LEMON 2L (9PCS) SINGLE,3,44.29,132.87,36.92,169.79,2026-01-13 11:01:00+00,2026-01-13 11:01:00+00
670,31,10.0,LEMON TIN(24PCS) CASE,1,342.86,342.86,95.26,438.12,2026-01-13 11:01:00+00,2026-01-13 11:01:00+00
671,31,10.0,LEMON TIN(24PCS) SINGLE,3,14.29,42.87,11.91,54.78,2026-01-13 11:01:00+00,2026-01-13 11:01:00+00
672,31,11.0,ORANGE TIN (24PCS) CASE,1,342.86,342.86,95.26,438.12,2026-01-13 11:01:00+00,2026-01-13 11:01:00+00
673,31,11.0,ORANGE TIN (24PCS) SINGLE,3,14.29,42.87,11.91,54.78,2026-01-13 11:01:00+00,2026-01-13 11:01:00+00
674,31,25.0,SUNCRUSH MANGO(24PCS) SINGLE,12,15.24,182.88,50.81,233.69,2026-01-13 11:01:00+00,2026-01-13 11:01:00+00
675,31,24.0,SUNCRUSH ORANGE 200ML(24PCS) SINGLE,12,15.24,182.88,50.81,233.69,2026-01-13 11:01:00+00,2026-01-13 11:01:00+00
676,31,32.0,gluco energy cup CASE,1,142.86,142.86,39.69,182.55,2026-01-13 11:01:00+00,2026-01-13 11:01:00+00
677,31,32.0,gluco energy cup SINGLE,36,5.95,214.2,59.52,273.72,2026-01-13 11:01:00+00,2026-01-13 11:01:00+00
678,31,33.0,gluco nimbu paani CASE,2,142.86,285.72,79.39,365.11,2026-01-13 11:01:00+00,2026-01-13 11:01:00+00
679,31,33.0,gluco nimbu paani SINGLE,48,5.95,285.6,79.35,364.95,2026-01-13 11:01:00+00,2026-01-13 11:01:00+00
680,32,29.0,1.5l INDEPENDENCE CASE,5,102.86,514.3,136.54,650.84,2026-01-22 17:20:00+00,2026-01-22 17:20:00+00
681,32,3.0,1L ORANGE SINGLE,7,23.57,164.99,43.8,208.79,2026-01-22 17:20:00+00,2026-01-22 17:20:00+00
682,32,30.0,1L a Sure water CASE,5,114.29,571.45,151.71,723.16,2026-01-22 17:20:00+00,2026-01-22 17:20:00+00
683,32,6.0,200 ML LEMON CASH 30PCS,2,150.0,300.0,79.64,379.64,2026-01-22 17:20:00+00,2026-01-22 17:20:00+00
684,32,17.0,200ML MANGO (30PCS) CASE,2,200.0,400.0,106.19,506.19,2026-01-22 17:20:00+00,2026-01-22 17:20:00+00
685,32,1.0,200ML ORANGE CASE,2,150.0,300.0,79.64,379.64,2026-01-22 17:20:00+00,2026-01-22 17:20:00+00
686,32,31.0,200ML PANNER SODA(30PCS) CASE,2,150.0,300.0,79.64,379.64,2026-01-22 17:20:00+00,2026-01-22 17:20:00+00
687,32,7.0,500ML LEMON (24PCS) CASE,1,257.14,257.14,68.27,325.41,2026-01-22 17:20:00+00,2026-01-22 17:20:00+00
688,32,2.0,500ML ORANGE CASE,1,257.14,257.14,68.27,325.41,2026-01-22 17:20:00+00,2026-01-22 17:20:00+00
689,32,28.0,750ml INDEPENDENCE WATER (15PCS) CASE,5,85.71,428.55,113.77,542.32,2026-01-22 17:20:00+00,2026-01-22 17:20:00+00
690,32,13.0,COKE 200ML(30PCS) CASE,2,150.0,300.0,79.64,379.64,2026-01-22 17:20:00+00,2026-01-22 17:20:00+00
691,32,16.0,COKE 2L(9PCS) SINGLE,5,44.29,221.45,58.79,280.24,2026-01-22 17:20:00+00,2026-01-22 17:20:00+00
692,32,14.0,COKE 500ML(24PCS) CASE,1,257.14,257.14,68.27,325.41,2026-01-22 17:20:00+00,2026-01-22 17:20:00+00
693,32,12.0,COKE TIN(24PCS) CASE,1,342.86,342.86,91.02,433.88,2026-01-22 17:20:00+00,2026-01-22 17:20:00+00
694,32,34.0,ENERGY GOLD TIN CASE,1,428.57,428.57,113.78,542.35,2026-01-22 17:20:00+00,2026-01-22 17:20:00+00
695,32,9.0,LEMON 2L (9PCS) SINGLE,4,44.29,177.16,47.03,224.19,2026-01-22 17:20:00+00,2026-01-22 17:20:00+00
696,32,10.0,LEMON TIN(24PCS) CASE,1,342.86,342.86,91.02,433.88,2026-01-22 17:20:00+00,2026-01-22 17:20:00+00
697,32,11.0,ORANGE TIN (24PCS) CASE,1,342.86,342.86,91.02,433.88,2026-01-22 17:20:00+00,2026-01-22 17:20:00+00
698,32,21.0,POWER UP 1L(12PCS) SINGLE,5,23.57,117.85,31.29,149.14,2026-01-22 17:20:00+00,2026-01-22 17:20:00+00
699,32,25.0,SUNCRUSH MANGO(24PCS) CASE,1,365.71,365.71,97.09,462.8,2026-01-22 17:20:00+00,2026-01-22 17:20:00+00
700,32,32.0,gluco energy cup CASE,1,142.86,142.86,37.93,180.79,2026-01-22 17:20:00+00,2026-01-22 17:20:00+00
701,32,33.0,gluco nimbu paani CASE,1,142.86,142.86,37.93,180.79,2026-01-22 17:20:00+00,2026-01-22 17:20:00+00
702,33,6.0,200 ML LEMON CASH 30PCS,19,134.29,2551.51,697.59,3249.1,2026-01-23 23:58:00+00,2026-01-23 23:58:00+00
703,33,17.0,200ML MANGO (30PCS) CASE,22,179.05,3939.1,1076.97,5016.07,2026-01-23 23:58:00+00,2026-01-23 23:58:00+00
704,33,1.0,200ML ORANGE CASE,13,134.29,1745.77,477.3,2223.07,2026-01-23 23:58:00+00,2026-01-23 23:58:00+00
705,33,31.0,200ML PANNER SODA(30PCS) CASE,18,134.29,2417.22,660.88,3078.1,2026-01-23 23:58:00+00,2026-01-23 23:58:00+00
706,33,2.0,500ML ORANGE CASE,1,235.71,235.71,64.44,300.15,2026-01-23 23:58:00+00,2026-01-23 23:58:00+00
707,33,13.0,COKE 200ML(30PCS) CASE,13,134.29,1745.77,477.3,2223.07,2026-01-23 23:58:00+00,2026-01-23 23:58:00+00
708,33,13.0,COKE 200ML(30PCS) SINGLE,10,4.5,45.0,12.3,57.3,2026-01-23 23:58:00+00,2026-01-23 23:58:00+00
709,33,14.0,COKE 500ML(24PCS) CASE,1,235.71,235.71,64.44,300.15,2026-01-23 23:58:00+00,2026-01-23 23:58:00+00
710,33,37.0,Nimbu paani pet CASE,5,176.19,880.95,240.86,1121.81,2026-01-23 23:58:00+00,2026-01-23 23:58:00+00
711,33,32.0,gluco energy cup CASE,2,133.33,266.66,72.91,339.57,2026-01-23 23:58:00+00,2026-01-23 23:58:00+00
712,34,6.0,200 ML LEMON CASH 30PCS,1,142.86,142.86,36.53,179.39,2026-01-28 11:52:00+00,2026-01-28 11:52:00+00
713,34,17.0,200ML MANGO (30PCS) CASE,2,190.48,380.96,97.4,478.36,2026-01-28 11:52:00+00,2026-01-28 11:52:00+00
714,34,7.0,500ML LEMON (24PCS) CASE,1,257.14,257.14,65.74,322.88,2026-01-28 11:52:00+00,2026-01-28 11:52:00+00
715,34,13.0,COKE 200ML(30PCS) CASE,1,142.86,142.86,36.53,179.39,2026-01-28 11:52:00+00,2026-01-28 11:52:00+00
716,35,6.0,200 ML LEMON CASH 30PCS,1,150.0,150.0,60.0,210.0,2026-01-28 11:57:00+00,2026-01-28 11:57:00+00
717,35,31.0,200ML PANNER SODA(30PCS) CASE,1,150.0,150.0,60.0,210.0,2026-01-28 11:57:00+00,2026-01-28 11:57:00+00
718,35,13.0,COKE 200ML(30PCS) CASE,1,150.0,150.0,60.0,210.0,2026-01-28 11:57:00+00,2026-01-28 11:57:00+00
719,36,29.0,1.5l INDEPENDENCE CASE,3,102.86,308.58,82.44,391.02,2026-01-31 10:46:00+00,2026-01-31 10:46:00+00
720,36,3.0,1L ORANGE CASE,1,282.86,282.86,75.57,358.43,2026-01-31 10:46:00+00,2026-01-31 10:46:00+00
721,36,30.0,1L a Sure water CASE,5,114.29,571.45,152.67,724.12,2026-01-31 10:46:00+00,2026-01-31 10:46:00+00
722,36,6.0,200 ML LEMON CASH 30PCS,20,150.0,3000.0,801.47,3801.47,2026-01-31 10:46:00+00,2026-01-31 10:46:00+00
723,36,17.0,200ML MANGO (30PCS) CASE,20,200.0,4000.0,1068.63,5068.63,2026-01-31 10:46:00+00,2026-01-31 10:46:00+00
724,36,1.0,200ML ORANGE CASE,20,150.0,3000.0,801.47,3801.47,2026-01-31 10:46:00+00,2026-01-31 10:46:00+00
725,36,31.0,200ML PANNER SODA(30PCS) CASE,20,150.0,3000.0,801.47,3801.47,2026-01-31 10:46:00+00,2026-01-31 10:46:00+00
726,36,23.0,250ML ENERGY BERRY KICK(30PCS) CASE,10,278.57,2785.7,744.22,3529.92,2026-01-31 10:46:00+00,2026-01-31 10:46:00+00
727,36,7.0,500ML LEMON (24PCS) CASE,5,257.14,1285.7,343.48,1629.18,2026-01-31 10:46:00+00,2026-01-31 10:46:00+00
728,36,2.0,500ML ORANGE CASE,5,257.14,1285.7,343.48,1629.18,2026-01-31 10:46:00+00,2026-01-31 10:46:00+00
729,36,38.0,500ml soda CASE,5,228.57,1142.85,305.32,1448.17,2026-01-31 10:46:00+00,2026-01-31 10:46:00+00
730,36,28.0,750ml INDEPENDENCE WATER (15PCS) CASE,20,85.71,1714.2,457.96,2172.16,2026-01-31 10:46:00+00,2026-01-31 10:46:00+00
731,36,15.0,COKE 1L(12PCS) CASE,1,282.86,282.86,75.57,358.43,2026-01-31 10:46:00+00,2026-01-31 10:46:00+00
732,36,13.0,COKE 200ML(30PCS) CASE,20,150.0,3000.0,801.47,3801.47,2026-01-31 10:46:00+00,2026-01-31 10:46:00+00
733,36,12.0,COKE TIN(24PCS) CASE,1,342.86,342.86,91.6,434.46,2026-01-31 10:46:00+00,2026-01-31 10:46:00+00
734,36,34.0,ENERGY GOLD TIN CASE,1,428.57,428.57,114.5,543.07,2026-01-31 10:46:00+00,2026-01-31 10:46:00+00
735,36,8.0,LEMON 1L (12 PCS) CASE,1,282.86,282.86,75.57,358.43,2026-01-31 10:46:00+00,2026-01-31 10:46:00+00
736,36,10.0,LEMON TIN(24PCS) CASE,1,342.86,342.86,91.6,434.46,2026-01-31 10:46:00+00,2026-01-31 10:46:00+00
737,36,37.0,Nimbu paani pet CASE,5,200.0,1000.0,267.16,1267.16,2026-01-31 10:46:00+00,2026-01-31 10:46:00+00
738,36,11.0,ORANGE TIN (24PCS) CASE,1,342.86,342.86,91.6,434.46,2026-01-31 10:46:00+00,2026-01-31 10:46:00+00
739,36,25.0,SUNCRUSH MANGO(24PCS) CASE,3,365.71,1097.13,293.11,1390.24,2026-01-31 10:46:00+00,2026-01-31 10:46:00+00
740,36,26.0,SUNCRUSH MIXED FRUIT (24PCS) CASE,3,365.71,1097.13,293.11,1390.24,2026-01-31 10:46:00+00,2026-01-31 10:46:00+00
741,36,24.0,SUNCRUSH ORANGE 200ML(24PCS) CASE,3,365.71,1097.13,293.11,1390.24,2026-01-31 10:46:00+00,2026-01-31 10:46:00+00
742,37,29.0,1.5l INDEPENDENCE CASE,20,102.86,2057.2,576.06,2633.26,2026-02-05 11:34:00+00,2026-02-05 11:34:00+00
743,37,3.0,1L ORANGE CASE,2,282.86,565.72,158.41,724.13,2026-02-05 11:34:00+00,2026-02-05 11:34:00+00
744,37,41.0,2.25 coke CASE,2,657.0,1314.0,367.95,1681.95,2026-02-05 11:34:00+00,2026-02-05 11:34:00+00
745,37,40.0,2.25 orange CASE,2,469.29,938.58,262.82,1201.4,2026-02-05 11:34:00+00,2026-02-05 11:34:00+00
746,37,39.0,2.25l lemon CASE,2,469.29,938.58,262.82,1201.4,2026-02-05 11:34:00+00,2026-02-05 11:34:00+00
747,37,6.0,200 ML LEMON CASH 30PCS,20,150.0,3000.0,840.06,3840.06,2026-02-05 11:34:00+00,2026-02-05 11:34:00+00
748,37,17.0,200ML MANGO (30PCS) CASE,20,200.0,4000.0,1120.08,5120.08,2026-02-05 11:34:00+00,2026-02-05 11:34:00+00
749,37,31.0,200ML PANNER SODA(30PCS) CASE,20,150.0,3000.0,840.06,3840.06,2026-02-05 11:34:00+00,2026-02-05 11:34:00+00
750,37,7.0,500ML LEMON (24PCS) CASE,5,257.14,1285.7,360.02,1645.72,2026-02-05 11:34:00+00,2026-02-05 11:34:00+00
751,37,2.0,500ML ORANGE CASE,5,257.14,1285.7,360.02,1645.72,2026-02-05 11:34:00+00,2026-02-05 11:34:00+00
752,37,36.0,500ml panner soda CASE,5,257.14,1285.7,360.02,1645.72,2026-02-05 11:34:00+00,2026-02-05 11:34:00+00
753,37,38.0,500ml soda CASE,5,228.57,1142.85,320.02,1462.87,2026-02-05 11:34:00+00,2026-02-05 11:34:00+00
754,37,28.0,750ml INDEPENDENCE WATER (15PCS) CASE,30,85.71,2571.3,720.02,3291.32,2026-02-05 11:34:00+00,2026-02-05 11:34:00+00
755,37,15.0,COKE 1L(12PCS) CASE,2,282.86,565.72,158.41,724.13,2026-02-05 11:34:00+00,2026-02-05 11:34:00+00
756,37,13.0,COKE 200ML(30PCS) CASE,20,150.0,3000.0,840.06,3840.06,2026-02-05 11:34:00+00,2026-02-05 11:34:00+00
757,37,12.0,COKE TIN(24PCS) CASE,5,342.86,1714.3,480.04,2194.34,2026-02-05 11:34:00+00,2026-02-05 11:34:00+00
758,37,34.0,ENERGY GOLD TIN CASE,5,428.57,2142.85,600.04,2742.89,2026-02-05 11:34:00+00,2026-02-05 11:34:00+00
759,37,8.0,LEMON 1L (12 PCS) CASE,2,282.86,565.72,158.41,724.13,2026-02-05 11:34:00+00,2026-02-05 11:34:00+00
760,37,10.0,LEMON TIN(24PCS) CASE,5,342.86,1714.3,480.04,2194.34,2026-02-05 11:34:00+00,2026-02-05 11:34:00+00
761,37,37.0,Nimbu paani pet CASE,5,200.0,1000.0,280.02,1280.02,2026-02-05 11:34:00+00,2026-02-05 11:34:00+00
762,37,11.0,ORANGE TIN (24PCS) CASE,5,342.86,1714.3,480.04,2194.34,2026-02-05 11:34:00+00,2026-02-05 11:34:00+00
763,38,41.0,2.25 coke SINGLE,3,73.0,219.0,51.53,270.53,2026-02-06 10:29:00+00,2026-02-06 10:29:00+00
764,38,40.0,2.25 orange SINGLE,3,52.14,156.42,36.81,193.23,2026-02-06 10:29:00+00,2026-02-06 10:29:00+00
765,38,39.0,2.25l lemon SINGLE,3,52.14,156.42,36.81,193.23,2026-02-06 10:29:00+00,2026-02-06 10:29:00+00
766,39,7.0,500ML LEMON (24PCS) SINGLE,8,10.71,85.68,34.27,119.95,2026-02-06 11:07:00+00,2026-02-06 11:07:00+00
767,39,2.0,500ML ORANGE SINGLE,8,10.71,85.68,34.27,119.95,2026-02-06 11:07:00+00,2026-02-06 11:07:00+00
768,39,14.0,COKE 500ML(24PCS) SINGLE,8,10.71,85.68,34.27,119.95,2026-02-06 11:07:00+00,2026-02-06 11:07:00+00
769,39,12.0,COKE TIN(24PCS) SINGLE,6,14.29,85.74,34.3,120.04,2026-02-06 11:07:00+00,2026-02-06 11:07:00+00
770,39,34.0,ENERGY GOLD TIN SINGLE,6,17.86,107.16,42.87,150.03,2026-02-06 11:07:00+00,2026-02-06 11:07:00+00
771,39,10.0,LEMON TIN(24PCS) SINGLE,6,14.29,85.74,34.3,120.04,2026-02-06 11:07:00+00,2026-02-06 11:07:00+00
772,39,11.0,ORANGE TIN (24PCS) SINGLE,6,14.29,85.74,34.3,120.04,2026-02-06 11:07:00+00,2026-02-06 11:07:00+00
773,40,6.0,200 ML LEMON CASH 30PCS,1,150.0,150.0,60.0,210.0,2026-02-06 23:25:00+00,2026-02-06 23:25:00+00
774,40,31.0,200ML PANNER SODA(30PCS) CASE,1,150.0,150.0,60.0,210.0,2026-02-06 23:25:00+00,2026-02-06 23:25:00+00
775,41,13.0,COKE 200ML(30PCS) CASE,1,150.0,150.0,60.0,210.0,2026-02-06 23:55:00+00,2026-02-06 23:55:00+00
776,42,38.0,500ml soda CASE,1,251.43,251.43,12.58,264.01,2026-02-07 10:58:00+00,2026-02-07 10:58:00+00
777,43,29.0,1.5l INDEPENDENCE CASE,2,102.86,205.72,10.29,216.01,2026-02-07 13:22:00+00,2026-02-07 13:22:00+00
778,43,28.0,750ml INDEPENDENCE WATER (15PCS) CASE,2,85.71,171.42,8.57,179.99,2026-02-07 13:22:00+00,2026-02-07 13:22:00+00
779,44,30.0,1L a Sure water CASE,1,114.29,114.29,5.71,120.0,2026-02-07 13:43:00+00,2026-02-07 13:43:00+00
780,44,28.0,750ml INDEPENDENCE WATER (15PCS) CASE,1,85.71,85.71,4.29,90.0,2026-02-07 13:43:00+00,2026-02-07 13:43:00+00
781,45,40.0,2.25 orange CASE,1,469.29,469.29,187.72,657.01,2026-02-08 23:03:00+00,2026-02-08 23:03:00+00
782,45,39.0,2.25l lemon CASE,1,469.29,469.29,187.72,657.01,2026-02-08 23:03:00+00,2026-02-08 23:03:00+00
783,46,29.0,1.5l INDEPENDENCE CASE,5,102.86,514.3,72.38,586.68,2026-02-11 00:07:00+00,2026-02-11 00:07:00+00
784,46,30.0,1L a Sure water CASE,5,114.29,571.45,80.43,651.88,2026-02-11 00:07:00+00,2026-02-11 00:07:00+00
785,46,6.0,200 ML LEMON CASH 30PCS,1,150.0,150.0,21.11,171.11,2026-02-11 00:07:00+00,2026-02-11 00:07:00+00
786,46,17.0,200ML MANGO (30PCS) CASE,1,200.0,200.0,28.15,228.15,2026-02-11 00:07:00+00,2026-02-11 00:07:00+00
787,46,1.0,200ML ORANGE CASE,1,150.0,150.0,21.11,171.11,2026-02-11 00:07:00+00,2026-02-11 00:07:00+00
788,46,31.0,200ML PANNER SODA(30PCS) CASE,1,150.0,150.0,21.11,171.11,2026-02-11 00:07:00+00,2026-02-11 00:07:00+00
789,46,28.0,750ml INDEPENDENCE WATER (15PCS) CASE,5,85.71,428.55,60.32,488.87,2026-02-11 00:07:00+00,2026-02-11 00:07:00+00
790,46,13.0,COKE 200ML(30PCS) CASE,1,150.0,150.0,21.11,171.11,2026-02-11 00:07:00+00,2026-02-11 00:07:00+00
791,47,6.0,200 ML LEMON CASH 30PCS,1,150.0,150.0,46.88,196.88,2026-02-11 00:15:00+00,2026-02-11 00:15:00+00
792,47,17.0,200ML MANGO (30PCS) CASE,1,200.0,200.0,62.5,262.5,2026-02-11 00:15:00+00,2026-02-11 00:15:00+00
793,47,1.0,200ML ORANGE CASE,1,150.0,150.0,46.88,196.88,2026-02-11 00:15:00+00,2026-02-11 00:15:00+00
794,47,31.0,200ML PANNER SODA(30PCS) CASE,1,150.0,150.0,46.88,196.88,2026-02-11 00:15:00+00,2026-02-11 00:15:00+00
795,47,13.0,COKE 200ML(30PCS) CASE,1,150.0,150.0,46.88,196.88,2026-02-11 00:15:00+00,2026-02-11 00:15:00+00
796,48,13.0,COKE 200ML(30PCS) CASE,3,150.0,450.0,180.0,630.0,2026-02-11 00:15:00+00,2026-02-11 00:15:00+00
797,48,14.0,COKE 500ML(24PCS) CASE,1,257.14,257.14,102.86,360.0,2026-02-11 00:15:00+00,2026-02-11 00:15:00+00
798,48,12.0,COKE TIN(24PCS) CASE,1,342.86,342.86,137.14,480.0,2026-02-11 00:15:00+00,2026-02-11 00:15:00+00
799,49,17.0,200ML MANGO (30PCS) CASE,1,200.0,200.0,33.33,233.33,2026-02-11 21:20:00+00,2026-02-11 21:20:00+00
800,49,13.0,COKE 200ML(30PCS) CASE,2,150.0,300.0,50.0,350.0,2026-02-11 21:20:00+00,2026-02-11 21:20:00+00
801,49,37.0,Nimbu paani pet CASE,1,200.0,200.0,33.33,233.33,2026-02-11 21:20:00+00,2026-02-11 21:20:00+00
802,49,42.0,gluco energy pet CASE,1,200.0,200.0,33.33,233.33,2026-02-11 21:20:00+00,2026-02-11 21:20:00+00
803,50,28.0,750ml INDEPENDENCE WATER (15PCS) CASE,1,85.71,85.71,4.3,90.01,2026-02-11 22:56:00+00,2026-02-11 22:56:00+00
804,51,41.0,2.25 coke SINGLE,3,52.14,156.42,41.22,197.64,2026-02-13 07:37:00+00,2026-02-13 07:37:00+00
805,51,39.0,2.25l lemon SINGLE,3,52.14,156.42,41.22,197.64,2026-02-13 07:37:00+00,2026-02-13 07:37:00+00
806,51,17.0,200ML MANGO (30PCS) CASE,1,200.0,200.0,52.7,252.7,2026-02-13 07:37:00+00,2026-02-13 07:37:00+00
807,52,6.0,200 ML LEMON CASH 30PCS,2,150.0,300.0,120.0,420.0,2026-02-13 14:59:00+00,2026-02-13 14:59:00+00
808,52,1.0,200ML ORANGE CASE,2,150.0,300.0,120.0,420.0,2026-02-13 14:59:00+00,2026-02-13 14:59:00+00
809,52,31.0,200ML PANNER SODA(30PCS) CASE,2,150.0,300.0,120.0,420.0,2026-02-13 14:59:00+00,2026-02-13 14:59:00+00
810,52,13.0,COKE 200ML(30PCS) CASE,2,150.0,300.0,120.0,420.0,2026-02-13 14:59:00+00,2026-02-13 14:59:00+00
811,53,1.0,200ML ORANGE CASE,1,150.0,150.0,60.0,210.0,2026-02-13 15:55:00+00,2026-02-13 15:55:00+00
812,54,29.0,1.5l INDEPENDENCE 12PC CASE,1,137.14,137.14,0.0,137.14,2026-02-14 00:00:00+00,2026-02-14 00:00:00+00
813,54,28.0,750ml INDEPENDENCE WATER (15PCS) CASE,1,85.71,85.71,0.0,85.71,2026-02-14 00:00:00+00,2026-02-14 00:00:00+00
814,55,17.0,200ML MANGO (30PCS) CASE,1,200.0,200.0,0.0,200.0,2026-02-14 00:00:00+00,2026-02-14 00:00:00+00
815,55,1.0,200ML ORANGE CASE,1,150.0,150.0,0.0,150.0,2026-02-14 00:00:00+00,2026-02-14 00:00:00+00
816,56,7.0,500ML LEMON (24PCS) SINGLE,6,10.71,64.26,0.0,64.26,2026-02-14 00:00:00+00,2026-02-14 00:00:00+00
817,56,2.0,500ML ORANGE SINGLE,6,10.71,64.26,0.0,64.26,2026-02-14 00:00:00+00,2026-02-14 00:00:00+00
818,56,36.0,500ml panner soda SINGLE,6,10.71,64.26,0.0,64.26,2026-02-14 00:00:00+00,2026-02-14 00:00:00+00
819,56,14.0,COKE 500ML(24PCS) SINGLE,6,10.71,64.26,0.0,64.26,2026-02-14 00:00:00+00,2026-02-14 00:00:00+00
820,57,28.0,750ml INDEPENDENCE WATER (15PCS) CASE,200,85.71,17142.0,0.0,17142.0,2026-02-15 00:00:00+00,2026-02-15 00:00:00+00
821,58,28.0,750ml INDEPENDENCE WATER (15PCS) CASE,250,85.71,21427.5,0.0,21427.5,2026-02-15 00:00:00+00,2026-02-15 00:00:00+00
822,59,24.0,SUNCRUSH ORANGE 200ML(24PCS) CASE,1,365.71,365.71,0.0,365.71,2026-02-16 00:00:00+00,2026-02-16 00:00:00+00
823,60,7.0,500ML LEMON (24PCS) CASE,1,274.29,274.29,0.0,274.29,2026-02-17 00:00:00+00,2026-02-17 00:00:00+00
824,60,14.0,COKE 500ML(24PCS) CASE,1,274.29,274.29,0.0,274.29,2026-02-17 00:00:00+00,2026-02-17 00:00:00+00
825,61,6.0,200 ML LEMON CASH 30PCS,1,150.0,150.0,0.0,150.0,2026-02-17 00:00:00+00,2026-02-17 00:00:00+00
826,61,1.0,200ML ORANGE CASE,1,150.0,150.0,0.0,150.0,2026-02-17 00:00:00+00,2026-02-17 00:00:00+00
827,62,6.0,200 ML LEMON CASH 30PCS,1,150.0,150.0,0.0,150.0,2026-02-17 00:00:00+00,2026-02-17 00:00:00+00
828,62,1.0,200ML ORANGE CASE,1,150.0,150.0,0.0,150.0,2026-02-17 00:00:00+00,2026-02-17 00:00:00+00
829,63,34.0,ENERGY GOLD TIN CASE,1,428.57,428.57,0.0,428.57,2026-02-17 00:00:00+00,2026-02-17 00:00:00+00
830,64,38.0,500ml soda CASE,1,228.57,228.57,0.0,228.57,2026-02-17 00:00:00+00,2026-02-17 00:00:00+00
831,65,,200ML MANGO (30PCS) CASE,1,200.0,200.0,0.0,200.0,2026-02-19 00:00:00+00,2026-02-19 00:00:00+00
832,66,,500ML LEMON (24PCS) SINGLE,8,10.71,85.68,0.0,85.68,2026-02-19 00:00:00+00,2026-02-19 00:00:00+00
833,66,,500ML MANGO SINGLE,8,19.05,152.4,0.0,152.4,2026-02-19 00:00:00+00,2026-02-19 00:00:00+00
834,66,,500ML ORANGE SINGLE,8,10.71,85.68,0.0,85.68,2026-02-19 00:00:00+00,2026-02-19 00:00:00+00
835,67,,200ML MANGO (30PCS) CASE,1,200.0,200.0,0.0,200.0,2026-02-19 00:00:00+00,2026-02-19 00:00:00+00
836,68,,2.25 coke SINGLE,3,52.14,156.42000000000002,0.0,156.42,2026-02-19 00:00:00+00,2026-02-19 00:00:00+00
837,68,,2.25 orange SINGLE,3,52.14,156.42000000000002,0.0,156.42,2026-02-19 00:00:00+00,2026-02-19 00:00:00+00
838,68,,2.25l lemon SINGLE,3,52.14,156.42000000000002,0.0,156.42,2026-02-19 00:00:00+00,2026-02-19 00:00:00+00
839,68,,200 ML LEMON CASH 30PCS,1,150.0,150.0,0.0,150.0,2026-02-19 00:00:00+00,2026-02-19 00:00:00+00
840,68,,200ML MANGO (30PCS) CASE,1,200.0,200.0,0.0,200.0,2026-02-19 00:00:00+00,2026-02-19 00:00:00+00
841,68,,200ML ORANGE CASE,1,150.0,150.0,0.0,150.0,2026-02-19 00:00:00+00,2026-02-19 00:00:00+00
842,68,,200ML PANNER SODA(30PCS) CASE,1,150.0,150.0,0.0,150.0,2026-02-19 00:00:00+00,2026-02-19 00:00:00+00
843,68,,500ML LEMON (24PCS) SINGLE,12,10.71,128.52,0.0,128.52,2026-02-19 00:00:00+00,2026-02-19 00:00:00+00
844,68,,500ML MANGO CASE,1,457.14,457.14,0.0,457.14,2026-02-19 00:00:00+00,2026-02-19 00:00:00+00
845,68,,500ML ORANGE SINGLE,12,10.71,128.52,0.0,128.52,2026-02-19 00:00:00+00,2026-02-19 00:00:00+00
846,68,,COKE 500ML(24PCS) CASE,1,257.14,257.14,0.0,257.14,2026-02-19 00:00:00+00,2026-02-19 00:00:00+00
847,69,,200 ML LEMON CASH 30PCS,1,150.0,150.0,0.0,150.0,2026-02-19 00:00:00+00,2026-02-19 00:00:00+00
848,69,,200ML MANGO (30PCS) CASE,1,200.0,200.0,0.0,200.0,2026-02-19 00:00:00+00,2026-02-19 00:00:00+00
849,69,,200ML ORANGE CASE,1,150.0,150.0,0.0,150.0,2026-02-19 00:00:00+00,2026-02-19 00:00:00+00
850,69,,500ML LEMON (24PCS) SINGLE,8,10.71,85.68,0.0,85.68,2026-02-19 00:00:00+00,2026-02-19 00:00:00+00
851,69,,500ML ORANGE SINGLE,8,10.71,85.68,0.0,85.68,2026-02-19 00:00:00+00,2026-02-19 00:00:00+00
852,69,,COKE 500ML(24PCS) SINGLE,8,10.71,85.68,0.0,85.68,2026-02-19 00:00:00+00,2026-02-19 00:00:00+00
853,69,,POWER UP 200ML (30PCS) CASE,1,150.0,150.0,0.0,150.0,2026-02-19 00:00:00+00,2026-02-19 00:00:00+00
854,70,,1.5l INDEPENDENCE 12PC CASE,1,137.14,137.14,0.0,137.14,2026-02-19 00:00:00+00,2026-02-19 00:00:00+00
855,70,,750ml INDEPENDENCE WATER (15PCS) CASE,1,85.71,85.71,0.0,85.71,2026-02-19 00:00:00+00,2026-02-19 00:00:00+00
856,71,,200 ML LEMON CASH 30PCS,1,150.0,150.0,0.0,150.0,2026-02-20 00:00:00+00,2026-02-20 00:00:00+00
857,71,,200ML MANGO (30PCS) CASE,1,200.0,200.0,0.0,200.0,2026-02-20 00:00:00+00,2026-02-20 00:00:00+00
858,71,,250ML ENERGY BERRY KICK(30PCS) CASE,1,278.57,278.57,0.0,278.57,2026-02-20 00:00:00+00,2026-02-20 00:00:00+00
859,71,,500ML MANGO SINGLE,12,14.29,171.48,0.0,171.48,2026-02-20 00:00:00+00,2026-02-20 00:00:00+00
860,71,,500ML ORANGE SINGLE,8,10.71,85.68,0.0,85.68,2026-02-20 00:00:00+00,2026-02-20 00:00:00+00
861,71,,500ml panner soda SINGLE,8,10.71,85.68,0.0,85.68,2026-02-20 00:00:00+00,2026-02-20 00:00:00+00
862,71,,750ml INDEPENDENCE WATER (15PCS) CASE,3,85.71,257.13,0.0,257.13,2026-02-20 00:00:00+00,2026-02-20 00:00:00+00
863,71,,COKE 500ML(24PCS) SINGLE,8,10.71,85.68,0.0,85.68,2026-02-20 00:00:00+00,2026-02-20 00:00:00+00
864,71,,POWER UP 200ML (30PCS) CASE,1,150.0,150.0,0.0,150.0,2026-02-20 00:00:00+00,2026-02-20 00:00:00+00
865,72,28,750ml INDEPENDENCE WATER (15PCS) CASE,2,85.71,171.42,0.00,171.42,2026-02-23 15:40:09+00,2026-02-23 15:40:09+00
